,Tier,Segment,Institution_Name,Chief Information Security Officer,Head of Governance Risk & Compliance,Chief Financial Officer,Chief Risk Officer,Head of Compliance,Chief Information Officer,Head of Internal Audit
,1,Licensed Banks,AEON Digital Bank (AEON Financial Service),SHARES PARENT: AEON Credit Service (M) Berhad — cybersecurity at parent level,SHARES PARENT: AEON Credit Service (M) Berhad — GRC at parent level,"Lee Siew Tee|Chief Financial Officer, AEON Credit Service (M) Berhad (parent)|75|https://aeoncredit.com.my/about-us/leadership/",SHARES PARENT: AEON Credit Service (M) Berhad — risk at parent level,SHARES PARENT: AEON Credit Service (M) Berhad — compliance at parent level,"SHARES PARENT: AEON Credit Service (M) Berhad — Lee Tyan Jen formerly CIO, now Deputy CEO",SHARES PARENT: AEON Credit Service (M) Berhad — IA via AEON Credit Service IAD (Phang Chee Chong)
,1,Licensed Banks,Affin Bank Berhad,"Teng Wei Lim (Thomas)|Group Chief Information Security Officer (GCISO), Affin Bank Group|95|https://my.linkedin.com/in/thomaslim","GRC distributed across Group CRO (Dang Cheong Min), Group Chief Compliance Officer (Adzamimah Binti Adzmi), and Group Chief Legal Officer (Nimma Safira binti Dato Khalid, holds Professional Postgraduate Diploma in Governance Risk and Compliance from ICA UK); no separate Head of GRC role identified in CG Report 2025",Joanne May Rodrigues (Group Chief Financial Officer) — affin.listedcompany.com/misc/cg_report_2025.pdf,Dang Cheong Min (Group Chief Risk Officer) — affin.listedcompany.com/misc/cg_report_2025.pdf,Adzamimah Binti Adzmi (Group Chief Compliance Officer) — affin.listedcompany.com/misc/cg_report_2025.pdf,"Wafa Nokman|Director, Information Technology, Affin Bank Berhad (previously Head of Group Technology Service Management & Operations)|65|https://intch.org/13581154",Wahdania Binti Mohd Khir (Group Chief Internal Auditor) — affin.listedcompany.com/misc/cg_report_2025.pdf
,1,Licensed Banks,Alliance Bank Malaysia Berhad,William Song (Group CISO) [LinkedIn],Jacob Abraham (Group CRO + Compliance oversight) [Official: alliancebank.com.my],Ronnie Royston Fernandiz (Group Chief Financial Officer) [Official: alliancebank.com.my],Jacob Abraham (Group Chief Risk Officer) [Official: alliancebank.com.my],"Jacob Abraham (Group CRO, also oversees Group Compliance) [Official: alliancebank.com.my]",Nantha Kumar Subramanian (Group Chief Digital & Information Officer) [Official: alliancebank.com.my],Andrew Ng Yin Min (Group Chief Internal Auditor) [Official: alliancebank.com.my]
,1,Licensed Banks,Alliance Islamic Bank Berhad,William Song (Group CISO) [Group-level: Alliance Bank],Jacob Abraham (Group CRO + Compliance oversight) [Group-level: Alliance Bank],Ronnie Royston Fernandiz (Group CFO) [Official: alliancebank.com.my],Jacob Abraham (Group Chief Risk Officer) [Official: alliancebank.com.my],"Jacob Abraham (Group CRO, also responsible for Compliance) [Official: alliancebank.com.my]",Nantha Kumar Subramanian (Group Chief Digital & Information Officer) [Official: alliancebank.com.my],Andrew Ng Yin Min (Group Chief Internal Auditor) [Official: alliancebank.com.my]
,1,Licensed Banks,AmBank (M) Berhad,Malini Kanesamoorthy (CISO) [CyberSec Malaysia 2023],Shamsul Bahrom (Group CRO) + Faradina Ghouse (Group CCO) [Group-level: AmBank],Phuah Shok Cheng (Group CFO),Shamsul Bahrom Bin Mohamed Ibrahim (Group CRO),Faradina Binti Mohammad Ghouse (Group CCO),Wong Eng Teng (Group Chief Fintech & Technology Officer),Ng Ek Leong (Group Chief Internal Auditor)
,1,Licensed Banks,AmBank Islamic Berhad,Malini Kanesamoorthy (CISO) [Group-level: AmBank],Shamsul Bahrom (Group CRO) + Faradina Ghouse (Group CCO) [Group-level: AmBank],Phuah Shok Cheng (Group CFO) [Group-level: AmBank],Shamsul Bahrom Bin Mohamed Ibrahim (Group CRO) [Group-level: AmBank],Faradina Binti Mohammad Ghouse (Group CCO) [Group-level: AmBank],Wong Eng Teng (Group Chief Fintech & Technology Officer) [Group-level: AmBank],Ng Ek Leong (Group Chief Internal Auditor) [Group-level: AmBank]
,1,Licensed Banks,BNP Paribas Malaysia Berhad,"SHARES PARENT: BNP Paribas Group manages information security at APAC regional level; no dedicated Malaysia-level CISO found in annual reports, corporate website (bnpparibas.com.my redirects to APAC site), or LinkedIn","CEO: Anthony Lo Chiang Loong (Executive Director, CEO & Head of Territory, appointed 1 Oct 2024) [Official: BNP Paribas CG Statement FY2024, conf 95]; Chairman: Dato' Mohamed Khadar bin Merican (Ind. Non-Exec Director, Chairman, appointed 1 Mar 2021) [conf 95]","Kevin Wong (CFO) [LinkedIn/ZoomInfo, conf 65]","Khoo Lian Kim (BRMC Chairman, former CRO RHB Banking Group) [CG Statement FY2024, conf 85]","Chan Mui Pin / Mrs. Lau Mui Pin (Exec Director, former Head of Compliance BNP Paribas Singapore & SEA) [CG Statement FY2024, conf 80]","SHARES PARENT: BNP Paribas Group manages IT/CIO function at APAC regional level; no Malaysia-specific CIO identified in annual reports, corporate website, or LinkedIn","Faisal bin Ismail (Audit Committee Chairman, Ind. Non-Exec Director) [CG Statement FY2024, conf 85]"
,1,Licensed Banks,Bank Islam Malaysia Berhad,Anthony Tai (Group Chief Information Security Officer) [Official: bankislam.com],Nik Azmir Nik Anis (Group Chief Compliance Officer and Group Chief Integrity and Governance Officer) [Official: bankislam.com],Siti Nur Huda Sufian (Group Chief Financial Officer) [Official: bankislam.com],Alina Sylvia Appoo (Group CRO) [Bloomberg],Nik Azmir Nik Anis (Group Chief Compliance Officer) [Official: bankislam.com],Zulkanain Kassim (CITO) [LinkedIn],Zalfitri Abd Mutalip (Group Chief Internal Auditor) [Official: bankislam.com]
,1,Licensed Banks,Bank Muamalat Malaysia Berhad,"Ts. Dr. Ismamuradi Abdul Kadir (CISO, CCISO) [LinkedIn: my.linkedin.com/in/ts-dr-ismamuradi-abdul-kadir-a99099a1; TheOfficialBoard; Cyber Security Professional of The Year 2023; Best CISO of The Year 2025 (5th Annual Cyber Security & Threat Intelligence Summit), conf 90]","Nasha Phedra binti Amin (Head, Legal & Secretarial) [Official: muamalat.com.my]",Amirul Nasir Abdul Rahim (Chief Financial Officer) [Official: muamalat.com.my],Hamidi A Razak (Chief Risk Officer) [Official: muamalat.com.my],Wan Kamarudin Wan Omar (Chief Compliance Officer) [Official: muamalat.com.my],Ts. Megat Mohammad Faisal Khir Johari (Chief Technology Officer) [Official: muamalat.com.my],Faidzuel Bin Zain (Chief Internal Auditor) [Official: muamalat.com.my]
,1,Licensed Banks,Bank of America Malaysia Berhad,"SHARES PARENT: Bank of America manages information security at global/APAC level; BAMB Pillar III report references technology risk KPIs but no local CISO named in annual report, CG disclosures, or Pillar III report",SHARES PARENT: Bank of America manages GRC via BAC Management Risk Committee (MRC) and BANA APAC Regional Risk Committee; CG Disclosures confirm BAC remuneration policies applied across enterprise including BAMB,"Nursuzanna binti Nordin (Officer primarily responsible for the financial management of Bank of America Malaysia Berhad) [Official: BAMB FY2025 Annual Report (108pp PDF: business.bofa.com BAMB-FY2025-Final-Publishing.pdf), conf 85]. Previous: Wong Poh Leng [FY2024 Financial Statement].",SHARES PARENT: BAMB Pillar III report confirms BAMB CRO/Country Risk Officer position exists locally but holder NOT named in any public document; risk managed via BAC global framework,SHARES PARENT: BAMB Pillar III report confirms Country Compliance Officer (CCO) position exists locally but holder NOT named in any public document; compliance managed via BAC enterprise framework,"SHARES PARENT: Bank of America manages IT at global/APAC level; no local BAMB CIO named in annual report, CG disclosures, or Pillar III report",SHARES PARENT: BAMB Pillar III report confirms Corporate Audit function exists locally (reports to BAMB Audit Committee) but holder NOT named; part of BAC three lines of defense framework
,1,Licensed Banks,Bank of China (Malaysia) Berhad,Willy Neo,Anysia Yeung (CRO) + Ker Yong (Compliance) [Group-level composite],Datuk Alvin Tay (DCEO/acting CFO),Anysia Yeung,Ker Yong (Director - Head of Legal and Compliance),"K.W.C. (Senior VP, Head of IT) [LeadIQ, MEDIUM-65]",Chen Thien Yin (Board Audit Committee Chair)
,1,Licensed Banks,CIMB Bank Berhad,Charles Samuel (Group CISO),Kwan Keen Yew (Group Chief Integrity & Governance Officer),Khairul Rifaie (Group Chief Financial & Strategy Officer),Vera Handajani (Group CRO),Kwan Keen Yew (Group Chief Legal & Compliance Officer),Ros Aziah Mohd Yusoff (Group CTO),Amran Mohamad (Group Chief Internal Auditor)
,1,Licensed Banks,CIMB Islamic Bank Berhad,Charles Samuel (Group CISO) [Group-level: CIMB Bank],Kwan Keen Yew (Group Chief Integrity & Governance Officer) [Group-level: CIMB Bank],Khairul Rifaie (Group Chief Financial & Strategy Officer) [Group-level: CIMB Bank],Vera Handajani (Group CRO) [Group-level: CIMB Bank],Kwan Keen Yew (Group Chief Legal & Compliance Officer) [Group-level: CIMB Bank],Ros Aziah Mohd Yusoff (Group CTO) [group-level: CIMB Bank],Amran Mohamad (Group Chief Internal Auditor) [Group-level: CIMB Bank]
,1,Licensed Banks,Citibank Berhad,"SHARES PARENT: Citigroup manages technology and security functions at global level (Tim Ryan, Head of Technology and Business Enablement); Citi Malaysia page only lists Vikram Singh as Citi Country Officer; no Malaysia-specific CISO identified","CEO: Vikram Singh (CEO Citi Malaysia, effective 1 May 2023) [Official: 2024 Citibank Berhad Annual Report - citigroup.com]; Chairman: Mark Fordyce Hart (INED, 41-year Citi career, former CFO of Citi Asia Pacific); Board: Abhijit Dattanand Kumta (O&T Exec Dir, former O&T Head Citibank Berhad 2011-2013), Philip Tan Puay Koon (INED, former CFO), Norazilla binti Md Tahir (INED, Audit Committee Chair)",Tan Alyse (Chief Financial Officer/Controller) [LinkedIn: my.linkedin.com/in/tan-alyse-2658791a0],Mark Fordyce Hart (Chairman Risk Mgmt Cmte) [Official: citigroup.com board PDF conf 80],"SHARES PARENT: Citigroup manages compliance oversight at regional/global level (Zdenek Turek, global CRO); BNM regulations require local compliance officer but individual not publicly named on Citi website or in publicly available disclosures","Abhijit Dattanand Kumta (Executive Director; MD Singapore O&T, Citi Solution Center Head ASEAN) [Official: citigroup.com board PDF, conf 85]",Puan Norazilla binti Md Tahir (Audit Cmte Chair former CFO Cagamas) [Official: citigroup.com board PDF conf 85]
,1,Licensed Banks,Deutsche Bank (Malaysia) Berhad,"Jeng Yean Won (CISO Malaysia, Thailand & Vietnam) [LinkedIn: my.linkedin.com/in/jengyeanwon, conf 65]","SHARES PARENT: Deutsche Bank manages GRC function at global/regional level; no Malaysia-specific Head of GRC identified in financial statements, Pillar 3 disclosures, or corporate governance documents","Liew Yeh Yin (Officer primarily responsible for the financial management of Deutsche Bank (Malaysia) Berhad) [Official: Deutsche Bank Malaysia FY2025 Audited Financial Statements Statutory Declaration (page 50): ""I, Liew Yeh Yin, being the Officer primarily responsible for the financial management of Deutsche Bank (Malaysia) Berhad""; also confirmed FY2024 FS page 48; deutschehelix.db.com/malaysia, conf 95]","Surabhi Agarwal (Chief Risk Officer) [LinkedIn, conf 65]",Nuruladha Talib|Head of Compliance (unconfirmed — LinkedIn posts suggest compliance/AFC role at Deutsche Bank Malaysia with CeIO certification from MACC)|30|https://www.linkedin.com/posts/nuruladha-talib-1895a955_integrity-compliance-governance-activity-7454409292884922368-jDwi,"SHARES PARENT: Deutsche Bank manages IT/CIO function at global/regional level; no Malaysia-specific CIO identified in financial statements, Pillar 3 disclosures, or corporate governance documents",Siti Noor Aminah Kamaruddin|Head of Internal Audit (unconfirmed — LinkedIn confirms Deutsche Bank Malaysia employee with CIA credential)|35|https://www.linkedin.com/posts/siti-noor-aminah-kamaruddin_charteredbanker-acb-professionalgrowth-activity-7461605197400793088-kYKY
,1,Licensed Banks,HSBC Bank Malaysia Berhad,"SHARES PARENT: HSBC Group manages CISO and IT security functions at Asia-Pacific regional level via HBAP (The Hongkong and Shanghai Banking Corporation Limited); Wendy Wang (Yuhong Wang Shen), CIO Asia and Middle East of HBAP, sits on HSBC Malaysia board; 2025 Annual Report (186 pages) does not list a Malaysia-specific CISO","Brian McGuire (Chief Risk & Compliance Officer) [TheOfficialBoard]; CEO: Dato Omar Siddiq (CEO and Head of Banking) [Official: hsbc.com.my, conf 95]",Elly Neoh (CFO),Brian McGuire (Chief Risk & Compliance Officer) [TheOfficialBoard],Brian McGuire (Chief Compliance Officer) [TheOfficialBoard],Mei Ling Soo (CIO),"Sherlyn Cheah (Country Head of Audit Malaysia) [LinkedIn: my.linkedin.com/in/sherlyn-cheah-a8215a13a + TheOfficialBoard: theofficialboard.com/biography/sherlyn-cheah-25d91, conf 85]"
,1,Licensed Banks,Hong Leong Bank Berhad,"Dr. Simon Hoh (CISO) [TheOrg: theorg.com/org/hong-leong-bank/org-chart/dr-simon-hoh, conf 65]",Justin Soong (CRO) + Jack Babani (Compliance) [Group-level composite],Malkit Singh (CFO) [The Org - unverified],Justin Soong (Group CRO) [RocketReach],Jack Babani (CCO) [The Org - unverified],William Streitberg (Chief Info & Tech Officer) [The Org],Chua Yew Lim (Chief Internal Auditor) [Official CG Report]
,1,Licensed Banks,Hong Leong Islamic Bank Berhad,"Dr. Simon Hoh (CISO) [Group-level: Hong Leong Bank, TheOrg, conf 60]",Justin Soong (CRO) + Jack Babani (Compliance) [Group-level composite],Malkit Singh (CFO) [Group-level: Hong Leong Bank],Justin Soong (Group CRO) [Group-level: Hong Leong Bank],Jack Babani (CCO) [Group-level: Hong Leong Bank],William Streitberg (Chief Info & Tech Officer) [Group-level: Hong Leong Bank],Chua Yew Lim (Chief Internal Auditor) [Group-level: Hong Leong Bank]
,1,Licensed Banks,ICBC (Malaysia) Berhad,"SHARES PARENT: ICBC manages cybersecurity/information security at global/regional level; CISO not listed as local Senior Management position in Board Charter (which defines Senior Mgmt as MD/CEO, Deputy CEO, CCO, CRO, CIA) or financial statements","SHARES PARENT: GRC function split between local Chief Compliance Officer (Liau Cheek, conf 55) and Chief Risk Officer (unnamed); no separate Head of GRC position exists per Board Charter","Geng Hao (MD/CEO, also Director primarily responsible for financial management per AR 2024 Statutory Declaration) [Official: ICBC Malaysia AR 2024, conf 95]","SHARES PARENT: ICBC Malaysia has confirmed CRO position (7 Senior Management headcounts per 2024/2025 financial statements) but name not publicly disclosed; 2024 financial statements mention ""Deputy CEO in charge of Risk Management Department"" who may serve as CRO|0|https://v.icbc.com.cn/userfiles/resources/icbc/haiwai/malaysia/download/2025/icbcgp8fye31dec2024.pdf","Liau Cheek [RocketReach, conf 55 — could not verify with official source. ICBC MY website and Pillar 3 PDF (31 Dec 2025) do not mention any compliance officer by name. Downgraded from conf 65.]",SHARES PARENT: ICBC manages IT/information systems at global/regional level; CIO not listed as local Senior Management position in Board Charter or financial statements; ICBC has centralized global IT infrastructure,"SHARES PARENT: ICBC Malaysia has confirmed Chief Internal Auditor position per Board Charter and financial statements; listed as ""Chief Internal Auditor / Head of Internal Audit"" in Whistleblowing Policy; name not publicly disclosed|0|https://v.icbc.com.cn/userfiles/Resources/ICBC/haiwai/Malaysia/download/2023/whistleblowing3rdparties_v3.pdf"
,1,Licensed Banks,J.P. Morgan Chase Bank Malaysia Berhad,"SHARES PARENT: JPMorgan Chase manages cybersecurity at global/APAC level via firm-wide policies; CG Statement FY2025 lists ""Technology and Cyber Security"" as board training but no local CISO named",SHARES PARENT: JPMorgan Chase manages GRC via firm-wide risk framework; Board Risk Mgmt Committee (Chair: Mahani Binti Amat) oversees CEO/Senior Officer risk responsibility,Wong Hooi Ching|Chief Executive Officer (likely also officer primarily responsible for financial management; no separate CFO named in available disclosures)|65|https://www.jpmorgan.com/content/dam/jpmorgan/documents/global/disclosures/my/2025-corporate-governance.pdf,SHARES PARENT: JPMorgan Chase manages risk via firm-wide framework; Board Risk Mgmt Committee (Chair: Mahani Binti Amat) oversees CEO/Senior Officer risk responsibility,"Lalitha A/P Rajah Manikam|Non-Independent Executive Director, Head of APAC Global Financial Crimes Compliance (GFCC) under CCOR at JP Morgan (appointed 15 Jan 2026, replacing Gail Koh De Josselin who resigned same date)|95|https://www.jpmorgan.com/content/dam/jpmorgan/documents/global/disclosures/my/2025-corporate-governance.pdf",SHARES PARENT: JPMorgan Chase manages IT at global/APAC level; no local CIO named in CG Statement FY2025,SHARES PARENT: JPMorgan Chase manages internal audit via firm-wide function; Board Audit Committee (Chair: Robert Armor Morris) provides oversight
,1,Licensed Banks,Kuwait Finance House (Malaysia) Berhad,"Role does not exist as separate position; Dr. Lam Wai Leong (Vice President, IT) handles IT including security matters; he is a member of WG11.1 Information Security Management and International Association of Engineers|85|https://www.kfh.com.my/malaysia/dam/jcr:f194f235-7260-419f-8b4d-ad3a9897b1f7/060226_Profile_Executive%20Management.pdf","Role does not exist as unified position; GRC functions split across: Nor Izad Mamud (AVP Risk Management & Strategy), Eddy Siow Swee Kim (VP Compliance), Mohd Zaki Abdullah (SVP Internal Audit, 22+ years GRC experience, former Chief Compliance Officer at Bank Muamalat)|85|https://www.kfh.com.my/malaysia/dam/jcr:f194f235-7260-419f-8b4d-ad3a9897b1f7/060226_Profile_Executive%20Management.pdf","Roslinawati Zainal|Assistant Vice President, Finance|85|https://www.kfh.com.my/malaysia/personal/about-us/board-of-directors.html","Nor Izad|Assistant Vice President, Risk Management|85|https://www.kfh.com.my/malaysia/personal/about-us/board-of-directors.html","Eddy Siow Swee Kim|Vice President, Compliance|90|https://www.kfh.com.my/malaysia/personal/about-us/board-of-directors.html","Dr. Lam Wai Leong|Vice President, IT|85|https://www.kfh.com.my/malaysia/personal/about-us/board-of-directors.html","Mohd Zaki Abdullah|Senior Vice President, Internal Audit|90|https://www.kfh.com.my/malaysia/personal/about-us/board-of-directors.html"
,1,Licensed Banks,Maybank Berhad,Devinder Singh (Group CISO) [LinkedIn/The Org],Mohamed Rezwan Abdullah Ismail (Group CRO) + Inn Yiow (Group CCO) [Group-level: Maybank],Shafiq Abdul Jabbar,Mohamed Rezwan Abdullah Ismail,Inn Yiow (Group Chief Compliance Officer) [RocketReach/ZoomInfo],Giorgio Migliarina (Group Chief Technology & Digital Officer),Azian Ismail (Chief Audit Executive) [TheOrg]
,1,Licensed Banks,Maybank Islamic Berhad,Devinder Singh (Group CISO) [Group-level: Maybank],Mohamed Rezwan Abdullah Ismail (Group CRO) [Group-level: Maybank],Shafiq Abdul Jabbar (Group CFO) [Group-level: Maybank],Mohamed Rezwan Abdullah Ismail (Group CRO) [Group-level: Maybank],Inn Yiow (Group Chief Compliance Officer) [Group-level: Maybank],Giorgio Migliarina (Group Chief Technology & Digital Officer) [Group-level: Maybank],"Malique Firdauz Ahmad Sidique (Group Chief Audit Executive, Maybank Group) [Official: freemalaysiatoday.com, conf 85 - Group-level, effective Oct 2025]"
,1,Licensed Banks,Mizuho Bank (Malaysia) Berhad,Noorhisham Rusmani,"SHARES PARENT: Mizuho Bank manages GRC at regional/APAC level; Malaysia entity has separate CRO (Linda Loh) and CCO roles but no single Head of GRC mentioned in audited financial statements, Pillar 3, TCFD report, Board Charter, or BRMC TOR. GRC oversight split between Risk Management Dept and Compliance function","Toshiharu Fujiwara (CEO, also Officer primarily responsible for financial management)|Chief Executive Officer / CFO|95|https://cdn.prod.website-files.com/67cb23eaf0c6c4d4080e059a/68eff8dcf5a47e0f072563ab_audited-financial-statements-for-the-financial-year-ended-31-march-2025.pdf|Mizuho Bank Malaysia FY2025 Annual Report (FYE 31 March 2025): 'I, Toshiharu Fujiwara, the officer primarily responsible for the financial management of Mizuho Bank (Malaysia) Berhad'. CEO also serves as CFO per statutory declaration. U.S. CPA, Waseda University. [Official Annual Report FY2025, conf 95]","Linda Loh|Chief Risk Officer|85|https://rocketreach.co/linda-loh-email_111019846|Chief Risk Officer at Mizuho Bank (Malaysia) Berhad, KL. Previously at Hong Leong Bank. MBA Finance, University of Malaya. [LinkedIn + RocketReach, conf 85]","SHARES PARENT: Mizuho Bank has confirmed Chief Compliance Officer (CCO) position locally per audited financial statements and BRMC TOR (approved 26 March 2026), but individual name NOT publicly disclosed in any regulatory filing, annual report, or website",SHARES PARENT: Mizuho Bank manages IT/CIO function at regional/global level; no CIO or Head of IT mentioned in any public document. BRMC TOR references reviewing IT/cyber security strategic plans and data center infrastructure but no local CIO role,"Lim Kim Seng (Chairman of Board Audit Committee) [Official: Mizuho MY Profile of Directors PDF + Board & Board Committees Composition PDF, conf 80 — board-level oversight. Chief Internal Auditor (CIA) management position referenced in Audited FS but explicitly not named. Lim Kim Seng is qualified CA (ICAS), ex-Group Chief Internal Auditor of Hong Leong Bank (retired 2014).]"
,1,Licensed Banks,OCBC Bank (Malaysia) Berhad,Dominic Yew,Dr Priya Ranjan Sharma (CRO) + Doreen Keng Chun Ching (Compliance) [Group-level: OCBC],Ms Teoh Yin Meng,Dr Priya Ranjan Sharma,Ms Doreen Keng Chun Ching,Mr Hong Hee Loon (Head of Technology),Mr Victor Ong Hock Seng
,1,Licensed Banks,Public Bank Berhad,"Irene Deng (CISO) [RocketReach: rocketreach.co/irene-deng-email_276190689; prev Maybank+ACS Malaysia; Univ of Malaya, conf 65]",Loh Jasmine (CRO) + Tan Shien Doon (Compliance) [Group-level composite],Yik Sook Ling (CFO),Loh Jasmine (CRO),Tan Shien Doon (CCO,Public Bank Group) [Official: publicbankgroup.com],Fam Yoke Fong (Senior GM
,1,Licensed Banks,Public Islamic Bank Berhad,"Irene Deng (Group CISO) [Group-level: Public Bank; RocketReach, conf 60]",Loh Jasmine (CRO) + Tan Shien Doon (Compliance) [Group-level composite],Yik Sook Ling (CFO) [Group-level: Public Bank],Loh Jasmine (CRO) [Group-level: Public Bank],Tan Shien Doon (CCO) [Group-level: Public Bank],"Fam Yoke Fong (Senior GM, IT) [Group-level: Public Bank]",Lim Then Fui (Group Chief Internal Auditor) [Group-level: Public Bank]
,1,Licensed Banks,RHB Bank Berhad,Soon Yap (CISO) [LinkedIn],Azman Shah Md Yaman (Group Chief Legal & Governance Officer),Mohamed Bin Rastam Shahrom (Group CFO),Dr Chong Han Hwee (Group CRO),Fazlina Mohamed Ghazalli (Group CCO),Wong Kwang Leh (Group CTO),Tan Boon Ching (Group Chief Internal Auditor)
,1,Licensed Banks,RHB Islamic Bank Berhad,Soon Yap (CISO) [Group-level: RHB Bank],Azman Shah Md Yaman (Group Chief Legal & Governance Officer) [Group-level: RHB Bank],Mohamed Bin Rastam Shahrom (Group CFO) [Group-level: RHB Bank],Dr Chong Han Hwee (Group CRO) [Group-level: RHB Bank],Fazlina Mohamed Ghazalli (Group CCO) [Group-level: RHB Bank],Wong Kwang Leh (Group CTO) [Group-level: RHB Bank],Tan Boon Ching (Group Chief Internal Auditor) [Group-level: RHB Bank]
,1,Licensed Banks,Standard Chartered Bank Malaysia Berhad,"Sivanathan Subramaniam (CISO Malaysia) [LinkedIn: linkedin.com/posts/sivanathansubramaniam, conf 75]",Ong Gaik Ean (CRO) + Irene Tan (Compliance) [Group-level composite],Mushahid Syed (Interim CEO & CFO),Ong Gaik Ean (CRO),Irene Tan (Chief Compliance Officer),Joy Chowdhury (Chief Technology & Operations Officer),Praveen Sankaranarayan (Head of Audit)
,1,Licensed Banks,Sumitomo Mitsui Banking Corporation Malaysia Berhad,"ROLE EXISTS, NAME NOT DISCLOSED — Chief Information and Security Officer (CISO) role confirmed in SMBC MY FY2025 Financial Statement (Senior Officers definition). Name not publicly disclosed in FS, Board PDF, or Pillar 3 Disclosure. [Official: smbc.co.jp/asia/malaysia financial statement 31 Mar 2025, conf 90]","ROLE EXISTS, NAME NOT DISCLOSED — Chief Integrity and Governance Officer (CIGO) role confirmed in SMBC MY FY2025 Financial Statement (Senior Officers definition). Name not publicly disclosed. [Official: smbc.co.jp/asia/malaysia financial statement 31 Mar 2025, conf 90]","Norihiro Oyanagi (officer primarily responsible for financial management per Section 251(1)(b) Companies Act 2016 statutory declaration) [Official: SMBC MY audited financial statements FY2024 & FY2025 (smbc.co.jp/asia/malaysia/financial-statement-31Mar2025.pdf), conf 78 — statutory CFO-equivalent; document prints statutory role description not literal ""CFO"" title]","Lim Tuang Ooi (Board Risk Management Committee Chairman, Ind. Non-Exec Director) [Official: smbc.co.jp/asia/malaysia/SMBCMY-board-of-directors.pdf, conf 85 - board-level oversight] | Anand Mahadevan (Executive Director, Regional Chief Risk Officer and Co-Head of Risk Management Dept for APAC and India at SMBC Singapore; appointed 26 May 2025) [Official: SMBC Malaysia FY2025 Audited Financial Statements PDF, conf 85. Regional CRO role covering APAC. Board-level CRO oversight also via Lim Tuang Ooi (BRMC Chairman, INED). Hiroshi Nishimura resigned 9 May 2025.]","ROLE EXISTS, NAME NOT DISCLOSED — Head of Compliance Department / Chief Compliance Officer role confirmed in SMBC MY FY2025 Financial Statement (Senior Officers definition). Name not publicly disclosed in FS, Board PDF, or Pillar 3 Disclosure. [Official: smbc.co.jp/asia/malaysia financial statement 31 Mar 2025, conf 90]","ROLE EXISTS, NAME NOT DISCLOSED — Head of Information Technology role confirmed in SMBC MY FY2025 Financial Statement (Senior Officers definition). Name not publicly disclosed. [Official: smbc.co.jp/asia/malaysia financial statement 31 Mar 2025, conf 90]","Lo Nyen Khing (Board Audit Committee Chairman, Ind. Non-Exec Director) [Official: smbc.co.jp/asia/malaysia/SMBCMY-board-of-directors.pdf, conf 85]. NOTE: SMBC MY also has Head of Internal Audit Department / Chief Internal Auditor per FY2025 FS Senior Officers definition, but name not publicly disclosed."
,1,Licensed Banks,UOB Malaysia Berhad,"Tobias Gondrom (Group CISO, UOB Group) [Web search, conf 75]",Tan Tii Lam (CRO) + Loke Chee Keen Daniel (Compliance) [Group-level composite],Chang Yeong Gung (CFO),Tan Tii Lam (CRO),Loke Chee Keen Daniel (Head Compliance),Mohamad Fazli Bin Mohamad Sarujee (Head Technology & Operations),Wong See Hong Bill (Head Internal Audit)
,2,Insurers,AIA Berhad,"Chee Lung Yuen (Director, Technology Risk Management & Business Continuity Management - CISO) [ASEAN Risk Awards industry profile: aseanriskawards.com/chee-lung-yuen/, conf 85]. CISO of AIA Bhd (Malaysia) since 2020. Not on AIA public EXCO leadership page (only top execs listed). Verified via credible regional risk-management industry body.",Datin Veronica Selvanayagy (General Counsel) [Official: aia.com.my] Confirmed Aug 2026 via official AIA Bhd leadership page scrape.],Edwin Peh (CFO) [Official: aia.com.my] Confirmed Aug 2026 via official AIA Bhd leadership page scrape.],Tan Teoh Guan (CRO) [Official: aia.com.my] Confirmed Aug 2026 via official AIA Bhd leadership page scrape.],Tan Teoh Guan (CRO - oversees compliance monitoring) [Official: aia.com.my],Sherlly Yuan Xiaoli (CTO) [Official: aia.com.my] Confirmed Aug 2026 via official AIA Bhd leadership page scrape.],"Not publicly disclosed on leadership page [Official: aia.com.my/en/about-aia/aia-subsidiaries/about-aia-bhd/leadership-team — as of Jul 2026; Datin Veronica Selvanayagy (General Counsel) oversees Corporate Governance & Corporate Security, conf 40]"
,2,Insurers,AIA General Berhad,"Chee Lung Yuen (Director, Technology Risk Management & BCM - CISO) [Group-level: AIA Shared Services covers all AIA entities in Malaysia. Datin Veronica (General Counsel) bio confirms shared services model for 'all AIA entities in Malaysia including the three licensed insurance and takaful entities'. Conf 80]",Datin Veronica Selvanayagy (General Counsel) [Official: aia.com.my],Edwin Peh (CFO) [Official: aia.com.my],Tan Teoh Guan (CRO) [Official: aia.com.my],"Nanthini Kandasamy (Director, Risk & Compliance) [Official: aia.com.my, conf 90]",Sherlly Yuan Xiaoli (CTO) [Official: aia.com.my],"Not publicly disclosed on leadership page [Official: aia.com.my/en/about-aia/aia-subsidiaries/about-aia-bhd/leadership-team — as of Jul 2026; shared audit function with AIA Bhd, conf 40]"
,2,Insurers,Allianz General Insurance Company (Malaysia) Berhad,"SHARES PARENT — No dedicated CISO for Allianz General; cybersecurity managed at Allianz Malaysia Berhad (AMB) group level [Source: allianz.com.my IAR 2024, conf 85]","SHARES PARENT — No dedicated Head of GRC for Allianz General; GRC functions managed at AMB group level [Source: allianz.com.my IAR 2024, conf 85]","Chin Xiao Wei (CFO Allianz General) [Official: Allianz Malaysia IAR 2024 p.110 via Wayback Machine, conf 95. Also confirmed by Allianz Malaysia press release Oct 2025: allianz.com.my/personal/media-hub/2025/new-penang-branch.html]","Lim Tuang Ooi (Board Risk Management Committee Chairman, Independent Non-Executive Director; former CRO at EPF 2007-2019) [Official: allianz.com.my/boards-of-directors (Jul 2026 scrape); confidence: HIGH; board-level; executive CRO not separately named. Other Allianz General RMC members: Wee Lay Hua (Ind. Director, appointed 1 Dec 2022) and Chiang Bin Fong (Marcus) (Ind. Director, appointed 1 Jul 2026)]","SHARES PARENT — No dedicated Head of Compliance for Allianz General; compliance managed at AMB group level [Source: allianz.com.my IAR 2024, conf 85]","David Brandl (Chief Information Technology Officer, Group) [Official: Allianz Malaysia IAR 2024 p.111 via Wayback Machine, conf 90 — upgraded from 70. Group CIO covering AMB, Allianz General, Allianz Life]","Narayana Samy Naidu Renugopal (Group Head of Internal Audit Department) [Official: Allianz Malaysia CG Report 2024 via Wayback Machine, conf 88. Group-level IA covering all AMB subsidiaries. Named in CG Report key management personnel.]"
,2,Insurers,Allianz Life Insurance Malaysia Berhad,"SHARES PARENT — No dedicated CISO for Allianz Life; cybersecurity managed at AMB group level [Source: allianz.com.my IAR 2024, conf 85]","SHARES PARENT — No dedicated Head of GRC for Allianz Life; GRC functions managed at AMB group level [Source: allianz.com.my IAR 2024, conf 85]","Giulio Slavich (CFO of AMB & Allianz Life until 31 Dec 2025; promoted to CEO of Allianz Life effective 1 Jan 2026, succeeding Charles Ong who retired; new CFO TBD) [Official: allianz.com.my press release Dec 2025]","SHARES PARENT — No dedicated CRO for Allianz Life; risk oversight via Board Risk Management Committee (Chairman: Lim Tuang Ooi) at AMB group level [Source: allianz.com.my IAR 2024, conf 85]","SHARES PARENT — No dedicated Head of Compliance for Allianz Life; compliance managed at AMB group level [Source: allianz.com.my IAR 2024, conf 85]","David Brandl (Chief Information Technology Officer, Group) [Official: Allianz Malaysia IAR 2024 p.111 via Wayback Machine, conf 90 — upgraded from 70. Group CIO covering Allianz Life]","Narayana Samy Naidu Renugopal (Group Head of Internal Audit Department) [Official: Allianz Malaysia CG Report 2024 via Wayback Machine, conf 88. Group-level IA covering Allianz Life.]"
,2,Insurers,AmMetLife Insurance Berhad,"Not publicly disclosed on AmMetLife management team page [Official: ammetlife.com/about-us/about-ammetlife/management-team — as of Jul 2026, conf 40]","Not publicly disclosed on AmMetLife management team page [Official: ammetlife.com/about-us/about-ammetlife/management-team — as of Jul 2026, conf 40]",Michelle Cheang (Chief Financial Officer) [Official: ammetlife.com],Low Siew Mooi (Chief Risk Officer) [Official: ammetlife.com],"Not publicly disclosed on AmMetLife management team page [Official: ammetlife.com/about-us/about-ammetlife/management-team — as of Jul 2026, conf 40]",Loh Tian Hu (Chief Information Officer) [Official: ammetlife.com],"Not publicly disclosed on AmMetLife management team page [Official: ammetlife.com/about-us/about-ammetlife/management-team — as of Jul 2026, conf 40]"
,2,Insurers,Berjaya Sompo Insurance Berhad,"Mohamad Azman bin Soaed (Senior Manager - Information Security) [Malaysian Insurance Directory 2025/2026, conf 70]","Tricia Mallika Appaduray (Chief Compliance and Legal Officer - GRC-equivalent) [Official: berjayasompo.com.my/leadership-team, conf 75 - GRC-equivalent, same person as Head of Compliance]","Rina Aprila Afianty (Chief Financial Officer) [Official: berjayasompo.com.my/leadership-team, conf 95]","Samson Liew Zyun Fung (Head of Risk Management) [Malaysian Insurance Directory 2025/2026, conf 90]","Tricia Mallika Appaduray (Chief Compliance and Legal Officer) [Official: berjayasompo.com.my/leadership-team, conf 95]",Not publicly disclosed on official leadership page,"Kesavan Raj A/L Krishnan (Head of Internal Audit) [Malaysian Insurance Directory 2025/2026, conf 90]"
,2,Insurers,Chubb Insurance Malaysia Berhad,"Balaguru Devan Santana Dewan (Chief Information Security Officer) [LinkedIn: my.linkedin.com/in/balaguru-devan-santana-dewan-630979a, conf 90. LinkedIn profile explicitly states CISO at Chubb Malaysia since Oct 2024, based in Selangor, Malaysia. Defines and executes cybersecurity strategy for Chubb Malaysia.]",Dato' Mohzani Bin Abdul Wahab (Director) [Official: chubb.com/my-en conf 85],Olivier Bouchard (Executive Director CFO Asia Pacific) [Official: chubb.com/my-en],"Ng Khai Yan (Chief Risk Officer) [Malaysian Insurance Directory 2025/2026, conf 90]","Not publicly disclosed. Chubb Malaysia website (chubb.com/my-en/) does not have a leadership page - all /about-us/ URLs return 404. Public information disclosure page does not list compliance officers. [Official: chubb.com/my-en/ - leadership page not available, conf 90]",Kenny W. K. Tan (Chief Operating Officer) [LinkedIn: my.linkedin.com/in/kennytwk],"Chong Keh Bin (Head of Internal Audit) [Malaysian Insurance Directory 2025/2026, conf 90]"
,2,Insurers,Etiqa General Insurance Berhad,Devinder Singh Sardool Singh (CISO) [Official: etiqa.com],Nurliana Mat Lazim (CRO/Compliance - GRC) [Official: etiqa.com],Lee Hin Sze (CFO) [Official: etiqa.com],Nurliana Mat Lazim (Chief Risk & Compliance Officer) [Official: etiqa.com],Roslina Mohd Ramza (CCO) [Official: etiqa.com],Dennis Liu (CTO) [Official: etiqa.com],"Azian Ismail (Chief Audit Executive, Maybank Group) [Group-level: Maybank]"
,2,Insurers,Etiqa Life Insurance Berhad,Devinder Singh Sardool Singh (CISO) [Official: etiqa.com],Nurliana Mat Lazim (CRO/Compliance - GRC) [Official: etiqa.com],Lee Hin Sze (CFO) [Official: etiqa.com],Nurliana Mat Lazim (Chief Risk & Compliance Officer) [Official: etiqa.com],Roslina Mohd Ramza (CCO) [Official: etiqa.com],Dennis Liu (CTO) [Official: etiqa.com],"Azian Ismail (Chief Audit Executive, Maybank Group) [Group-level: Maybank]"
,2,Insurers,FWD Insurance Berhad,"Not publicly disclosed on FWD Malaysia team page (JS-rendered page, content not extractable) [Official: fwd.com.my/about-us/ins/meet-our-team, conf 85]","Anita Menon (Chief Governance Officer) [Official: fwd.com.my/about-us/fmh/meet-our-team, conf 100]","Yeoh Eng Hun (Chief Financial Officer) [Official: fwd.com.my/about-us/ins/meet-our-team + fwd.com.my/about-us/fmh/meet-our-team, conf 100]","Anita Menon (Chief Governance Officer / Acting Head of Risk) [Official: fwd.com.my/about-us/ins/meet-our-team + fwd.com.my/about-us/fmh/meet-our-team, conf 100]","Anita Menon (Chief Governance Officer, oversees compliance) [Official: fwd.com.my/about-us/fmh/meet-our-team, conf 80]. FWD Takaful: Lim Weng Leong (Head of Compliance) [Official: fwd.com.my/about-us/tkfl/meet-our-team, conf 100]","Not publicly disclosed on FWD Malaysia team page (JS-rendered page, content not extractable) [Official: fwd.com.my/about-us/ins/meet-our-team, conf 85]","Cheryl Lim (Head of Internal Audit) [Official: fwd.com.my/about-us/fmh/meet-our-team, conf 100]"
,2,Insurers,Generali Insurance Malaysia Berhad,"No dedicated CISO listed on Generali Malaysia leadership page; cybersecurity likely managed at Generali Group regional level [Official: generali.com.my/about-generali/leadership, conf 85]",Haneeza Abdul Kadir (General Counsel) [Official: generali.com.my/about-generali/leadership - General Counsel oversees legal & governance functions for Generali Malaysia (GMI). Conf 85],Tony Lin (Chief Financial Officer) [Official: generali.com.my conf 90],Vincent Fong (Chief Risk Officer) [Official: generali.com.my conf 90],Nor Hakimah Abdul Latiff (Chief Compliance Officer) [Official: generali.com.my],Laurent Crouet (Chief Transformation Officer) [Official: generali.com.my conf 90],Vivian Ho (Chief Internal Auditor) [Official: generali.com.my]
,2,Insurers,Generali Life Insurance Malaysia Berhad,Aaron Ooi Yen Keat (Chief Information Security Officer) [LinkedIn: Indonesian CIO Network post welcoming Aaron Ooi as CISO at Generali Life Insurance Malaysia; also referenced in Festival of Digitalized Innovation 2026 coverage. Official leadership page (generali.com.my/about-generali/leadership) does not list CISO separately — role confirmed via LinkedIn conf 80],Vincent Fong (CRO) + Aw Teck Yee (Compliance) [Composite],Tony Lin (Chief Financial Officer) [Official: generali.com.my],Vincent Fong (Chief Risk Officer) [Official: generali.com.my],Aw Teck Yee (Head of Compliance & AML) [Official: generali.com.my],Not publicly disclosed on official leadership page,George Tan (Head of Internal Audit) [Official: generali.com.my]
,2,Insurers,Great Eastern General Insurance (Malaysia) Berhad,"Vincent Chin (Division Head, Information Technology — CISO-equivalent for GE Group) [Official: greateasternlife.com/my/en/about-us/company-profile/our-leaders/key-executive.html, conf 70 — group-level IT head]",Liza Hanim Zainal Abidin (Legal/Compliance) + Audra Chung Kit Li (Audit),"Cheng Chuen Chee (Chief Financial Officer, assumed role Jul 2024) [Official: greateasternlife.com, conf 95]","Teo Chun Seng (Division Head, Risk Management) [Group role - Official: greateasternlife.com]",Liza Hanim Zainal Abidin,Vincent Chin,Audra Chung Kit Li
,2,Insurers,Great Eastern Life Assurance (Malaysia) Berhad,"Vincent Chin — Division Head, Information Technology (CISO-equivalent: handles technology risk management & IT governance) [Official: greateasternlife.com/my/en/about-us/company-profile/our-leaders/key-executive.html] | conf 75 | No dedicated CISO role listed; IT division covers infosec function.","Liza Hanim Zainal Abidin (Division Head, Company Secretary and Legal) [Official: greateasternlife.com]","Loke Chang Yueh (CFO, joined 2013) [Official: greateasternlife.com]","Teo Chun Seng (Division Head of Risk Management, appointed 1 Jan 2023) [Official: greateasternlife.com]","Helen Quat Li Huang (Division Head of Compliance, appointed 1 Jan 2023) [Official: greateasternlife.com]","Vincent Chin (Head of IT, joined 2007) [Official: greateasternlife.com] + Gary Goh (MD for Group IT, appointed Jan 2025, group-level Singapore) [ET CIO SEA: ciosea.economictimes.indiatimes.com/news/corporate/great-eastern-life-appoints-gary-goh-as-its-md-for-group-it/117069702, conf 85 — former CTO at AIA Malaysia 6yrs, MetLife 14yrs]","Audra Chung Kit Li (Chief Internal Auditor, joined 2005) [Official: greateasternlife.com]"
,2,Insurers,Hong Leong Assurance Berhad,Low Tek Chee — Chief Technology Officer (CISO-equivalent) [Official: hla.com.my/en/know-us/leadership.html] | conf 75 | No dedicated CISO/Head of Information Security role among 13 executives. CTO is closest equivalent.,Lim Mei Gie (CRO) + Lee Noushi (Compliance) [Composite],"Ong Kheng Heng (Chief Financial Officer) [Official: hla.com.my/en/know-us/leadership.html, conf 95]","Lim Mei Gie (Chief Risk Officer) [Official: hla.com.my/en/know-us/leadership.html, conf 95]","Lee Noushi (Head of Legal and Chief Compliance Officer) [Official: hla.com.my/en/know-us/leadership.html, conf 95]","Low Tek Chee (Chief Technology Officer) [Official: hla.com.my/en/know-us/leadership.html, conf 95]",Chua Yew Lim (Chief Internal Auditor) [Group-level: Hong Leong]
,2,Insurers,Liberty General Insurance Berhad,"Ganesan Vaithilingam — Chief Information Officer (CISO-equivalent: responsibilities include ""information security"" and ""Secure IT environment development"") [Official: libertyinsurance.com.my/corporate/management-team] | conf 72 | No dedicated CISO role; CIO handles infosec.",Jonathan Chong (CRO) + Suffian bin Abdul Rahman (Compliance) [Group-level composite],Suppiah Poongavanam (Chief Financial Officer) [Wayback Machine: libertyinsurance.com.my],Jonathan Chong (Chief Risk Officer) [Wayback Machine: libertyinsurance.com.my],Suffian bin Abdul Rahman (Chief Compliance Officer) [Wayback Machine: libertyinsurance.com.my],Ganesan Vaithilingam (Chief Information Officer) [Wayback Machine: libertyinsurance.com.my],Tan Bee Chuan (Chief Internal Auditor) [Wayback Machine: libertyinsurance.com.my]
,2,Insurers,Lonpac Insurance Bhd,Lai Geng Farn (Chief Information Security Officer) [Official: lonpac.com],Lee Chiew Lai (CRO) + Mahinder Kaur a/p Kapal Singh (Compliance) [Composite],"Ng Seng Khin (Group Chief Financial Officer, designated 24 Jan 2025; CFO of Lonpac since 2019) [Official: lpicapital.com/about-us/management-team, conf 90]",Lee Chiew Lai (Chief Risk Officer) [Official: lonpac.com],Mahinder Kaur a/p Kapal Singh (Chief Compliance Officer) [Official: lonpac.com],Cynthia Ng Boon Howe (Chief Information Officer) [Official: lonpac.com],"Irene Hwang Siew Ling (Group Chief Internal Auditor, designated 24 Jan 2025; Chief Internal Auditor of Lonpac since 1998; MIA CA, CPA Malaysia) [Official: lpicapital.com/about-us/management-team, conf 90]"
,2,Insurers,MCIS Insurance Berhad,"Toh Fellowbcs (Head of Information Security - CISO, Cyber Risks Governance and Compliance) [RocketReach: rocketreach.co]","Toh Fellowbcs (Head of Information Security - CISO, role covers Cyber Risks Governance and Compliance) [RocketReach — GRC covered by CISO role]",Susan Conradie (Chief Financial Officer) [Official: mcis.my],"Nurliana binti Mat Lazim (Chief Risk Officer) [Malaysian Insurance Directory 2025/2026, conf 90]",Norlin Fatima Albakri (Chief Compliance Officer) [Official: mcis.my],Ng Chee Sang (Chief Technology Officer) [Official: mcis.my],Noor Hayati binti Abu Yaziz (Chief Internal Auditor) [Official: mcis.my]
,2,Insurers,MSIG Insurance (Malaysia) Bhd,"No dedicated CISO listed on MSIG Malaysia website or annual report 2025; cybersecurity managed within IT function (Chin Jee Gwan, EVP IT) or at MS&AD Group regional level",No dedicated Head of GRC; risk managed by Kelvin Hii Chee Yun (SVP ERM); Board Compliance & Risk Management Committee provides oversight per AR 2025,"Soh Lai Sim (COO, also Officer primarily responsible for financial management) [Official: MSIG Annual Report 2025]","Kelvin Hii Chee Yun (SVP, Enterprise Risk Management) [Official: MSIG Malaysia About page msig.com.my/about-msig — Firecrawl JSON extraction Jul 31 2026, 19 management members confirmed; conf 95]",No dedicated Head of Compliance listed on MSIG Malaysia website management team; compliance managed at MS&AD Group regional level,"Chin Jee Gwan (EVP IT, Digital, Bancassurance & Branding) [Official: MSIG Malaysia About page msig.com.my/about-msig — Firecrawl JSON extraction Jul 31 2026, 19 management members confirmed; conf 95]",No dedicated Head of Internal Audit listed on MSIG Malaysia website management team
,2,Insurers,Manulife Insurance Berhad,"Not publicly disclosed on Manulife leadership page or Annual Report 2024 [Official: manulife.com.my, conf 85]","Jasbender Kaur (Chief Counsel & Corporate Services Officer, MHB) [Official: Manulife Holdings Berhad AR 2024, Senior Key Management Profile (pp 14-18, 228), conf 85 - Chief Counsel & Corporate Services Officer oversees legal, governance & corporate services for Manulife Holdings Berhad]","Ng Chun Nam (Chief Financial Officer) [Official: Manulife Annual Report 2024, conf 85]","Mohd Naim Mohd Arsad (Chief Risk Officer) [Malaysian Insurance Directory 2025/2026, conf 90]","Senthil Woon Wai Keong (Chief Compliance Officer) [Official: Manulife Holdings Berhad AR 2023 (manulife.com.my AR 2023 Senior Management listing), conf 90 — confirmed in AR 2023 as ""Senthil Woon Wai Keong – Chief Compliance Officer"". CEO: Vibha Hamsi Coburn; Audit Cmte Chair: Vijayam Nadarajah [Official: manulife.com.my board page]]","Bernard Sia (Chief Information Officer) [Official: Manulife Annual Report 2024, conf 85]","Krishna Rajaa Ramalingam (Head of Internal Audit, Audit Services – Malaysia) [Official: Manulife Holdings Berhad AR 2023 (manulife.com.my/content/dam/insurance/my/documents/about-us/investor-relations/48th-agm-2024/Annual Report 2023.pdf), conf 90 — named in AR 2023 Senior Management listing]"
,2,Insurers,Prudential Assurance Malaysia Berhad,"Tan Chia Chee (Head, Information Security Officer) [Contactout aggregator: contactout.com/tan-chia-chee-99124, conf 45 - UNVERIFIED LEAD]. Listed as ""Head, Information Security Officer at Prudential Assurance Malaysia Berhad, May 2024 to Present"". Could NOT verify via Prudential official leadership page (only lists Board, not executives). Contactout page blocked by Cloudflare on re-verification. REQUIRES LinkedIn / official confirmation.",Kamarul Hisham (CRO) + Idariah Idris (Compliance) [Composite],Ankur Bassi (Chief Financial Officer) [LinkedIn + TheOfficialBoard],Kamarul Hisham (Chief Risk Officer) [RocketReach],Idariah Idris (Head of Compliance) [RocketReach],Chen Liaw (Chief Technology Officer) [RocketReach: rocketreach.co],"Rohini Maniam (Country Head of Audit Malaysia / Senior Director, Group Audits) [LinkedIn: my.linkedin.com/in/rohini-maniam-71852027, conf 40 - UNVERIFIED LEAD]. LinkedIn profile title shows ""Prudential plc"" (UK parent). Title may be group-level rather than entity-specific (Prudential Assurance Malaysia Berhad). Official Prudential Malaysia leadership page does not list executives below Board. REQUIRES official source confirmation."
,2,Insurers,QBE Insurance (Malaysia) Sdn Bhd,"Not publicly disclosed — QBE Malaysia website (qbe.com/my) does not have a leadership page; cybersecurity likely managed at QBE Asia regional level [Official: qbe.com/my, conf 85]","Jeyasakthi Ratnasingam (Head of Risk & Compliance for Asia, since Nov 2024, Intl Diploma in GRC) [Official: QBE Annual Report 2024, conf 90]","Vivien Wong (Head of Finance, joined May 2026, 25+ yrs finance leadership, CPA Australia & MIA) [Official: qbe.com/my/about-qbe/executive-team]","Mohd Farid Bin Othman (Head of Risk, joined Dec 2018, 20+ yrs internal audit/risk, MIA member) [Official: qbe.com/my/about-qbe/executive-team]","Jaysree Kaliappan (Head of Compliance, joined Jul 2025, 14+ yrs compliance/operational risk, ICA Intl Diploma in GRC) [Official: qbe.com/my/about-qbe/executive-team]","Not publicly disclosed — QBE Malaysia website (qbe.com/my) does not have a leadership page [Official: qbe.com/my, conf 85]","Not publicly disclosed — QBE Malaysia website (qbe.com/my) does not have a leadership page [Official: qbe.com/my, conf 85]"
,2,Insurers,Sun Life Malaysia Assurance Berhad,"Not publicly disclosed on Sun Life Malaysia management team page (image-based layout, no text titles for executives) [Official: sunlifemalaysia.com/about-us/leadership/management-team, conf 85]","Board Chairman: Dato' Noorazman Abd. Aziz (Ind. Director, appointed 13 May 2022) [Official: sunlifemalaysia.com, conf 95]; RMC Chair: Nigel Hazell (Ind. Director, Risk Mgmt Cmte Chairman) [Official: sunlifemalaysia.com, conf 95]","Ong Le Keat (Chief Financial Officer / Officer primarily responsible for financial management) [Official: Sun Life Malaysia Assurance Berhad 2025 Financial Statement PDF, Statutory Declaration dated 10 March 2026: sunlifemalaysia.com] [conf 100]","Nigel Hazell (Board Risk Management Committee Chairman, Ind. Director, appointed 13 May 2022) [Official: sunlifemalaysia.com/about-us/leadership/board-of-directors-assurance/, conf 95]","Not publicly disclosed on Sun Life Malaysia management team page [Official: sunlifemalaysia.com/about-us/leadership/management-team, conf 85]","Not publicly disclosed on Sun Life Malaysia management team page [Official: sunlifemalaysia.com/about-us/leadership/management-team, conf 85]","Wong Ah Kow (Board Audit Committee Chairman, Ind. Director, appointed 22 Sep 2022) [Official: sunlifemalaysia.com/about-us/leadership/board-of-directors-assurance/, conf 95]"
,2,Insurers,Sun Life Malaysia Takaful Berhad,"SHARES PARENT — No dedicated CISO for Sun Life Takaful; managed at Sun Life Malaysia group level [Official: sunlifemalaysia.com/about-us/leadership/management-team, conf 85]","SHARES PARENT — No dedicated Head of GRC for Sun Life Takaful; GRC functions shared with Sun Life Malaysia Assurance at group level [Official: sunlifemalaysia.com, conf 85]","Ong Le Keat (Chief Financial Officer / Officer primarily responsible for financial management) [Official: Sun Life Malaysia Takaful Berhad 2025 Financial Statement PDF, Statutory Declaration dated 11 March 2026: sunlifemalaysia.com] [conf 100]","Datin K. Komalavalli A/P K.R. Gopal (Board Risk Management Committee Chairperson, Ind. Director, appointed 2 Sep 2022) [Official: Sun Life Malaysia Takaful FS FYE Dec 2025 + Board of Directors page on sunlifemalaysia.com; confidence: HIGH; verified]","SHARES PARENT — No dedicated Head of Compliance for Sun Life Takaful; compliance shared at group level [Official: sunlifemalaysia.com, conf 85]","SHARES PARENT — No dedicated CIO for Sun Life Takaful; IT managed at Sun Life Malaysia group level [Official: sunlifemalaysia.com, conf 85]","Vivien Kusumowardhani (Board Audit Committee Chairperson, Ind. Director, appointed 19 Aug 2022) [Official: Sun Life Malaysia Takaful FS FYE Dec 2025 + Board of Directors page on sunlifemalaysia.com; confidence: HIGH; verified]"
,2,Insurers,Tokio Marine Life Insurance Malaysia Bhd,"Irfan Ismail (CISO & Head of Technology Risk) [RocketReach/LinkedIn: rocketreach.co/irfan-ismail-email_229003941, conf 55 — LinkedIn-cited via RocketReach; not on official management team page]","Andrew Ngou Chee Mun (CRO) + Loh Chee Hoong (Head of Compliance) [Composite - GRC function split between Risk and Compliance; no dedicated GRC head. Official leadership page (tokiomarine.com/my/en/life/about-us/our-board-of-directors-and-management-team.html) lists 9 SMT members, none with GRC title. CRO and Head of Compliance sourced from Malaysian Insurance Directory 2025/2026.]","Tham Kok Yoke (Chief Financial Officer) [Official: tokiomarine.com/my/en/life/about-us/our-board-of-directors-and-management-team.html, conf 95]","Andrew Ngou Chee Mun (Chief Risk Officer) [Malaysian Insurance Directory 2025/2026, conf 90]","Loh Chee Hoong (Head of Compliance) [Malaysian Insurance Directory 2025/2026, conf 90]","Nicholas Tan Chin Yau (Chief Information Officer) [Malaysian Insurance Directory 2025/2026, conf 90]","Wong Kah Keong (Head of Internal Audit) [Malaysian Insurance Directory 2025/2026, conf 90]"
,2,Insurers,Zurich Life Insurance Malaysia Berhad,"Terrence Chock (Head of Information Security / BISO - Singapore & Indonesia, Zurich Insurance Company Ltd) [CSO30 ASEAN 2025 Business Value Award winner; LinkedIn: hk.linkedin.com/in/terrencechock; Based in Hong Kong, covers Singapore & Indonesia; Malaysia-specific CISO not separately listed. Regional infosec function likely covers Malaysia via group structure. conf 65] [CSO30 ASEAN 2025: cybersecurityinfocus.com/?p=5791]","Not publicly disclosed on leadership page [Official: zurich.com.my/about-zurich/the-zurich-story/our-leaders — as of Jul 2026, conf 30]. Confirmed Jul 2026: Official Our Leaders page (zurich.com.my/about-zurich/the-zurich-story/our-leaders) lists Country CEO Junior Cho, Life CEO Pauline Teoh, Takaful CEO Nur Fatihah Mustafa, board directors + Shariah committee only; no CISO/CRO/Compliance/CIO/GRC at management level. conf 95 Confirmed Aug 2026 via official Zurich Malaysia leaders page - only CEOs and Board members listed.]","Timothy William Howell (Executive Director / Head of Finance & CFO Asia Pacific) [Official: Zurich Life Insurance Malaysia Berhad AR 2024 PDF — Corporate Governance Statement p.6, conf 95. Appointed Executive Director 1 Nov 2021. Also serves as Board Member for Zurich General Insurance Malaysia Berhad, Zurich Services (HK), Cover-More Group, Zurich Travel Solutions, Zurich Life Insurance Japan.]","Not publicly disclosed on leadership page [Official: zurich.com.my/about-zurich/the-zurich-story/our-leaders — as of Jul 2026, conf 30]. Confirmed Jul 2026: Official Our Leaders page (zurich.com.my/about-zurich/the-zurich-story/our-leaders) lists Country CEO Junior Cho, Life CEO Pauline Teoh, Takaful CEO Nur Fatihah Mustafa, board directors + Shariah committee only; no CISO/CRO/Compliance/CIO/GRC at management level. conf 95 Confirmed Aug 2026 via official Zurich Malaysia leaders page - only CEOs and Board members listed.]","Not publicly disclosed on leadership page [Official: zurich.com.my/about-zurich/the-zurich-story/our-leaders — as of Jul 2026, conf 30]. Confirmed Jul 2026: Official Our Leaders page (zurich.com.my/about-zurich/the-zurich-story/our-leaders) lists Country CEO Junior Cho, Life CEO Pauline Teoh, Takaful CEO Nur Fatihah Mustafa, board directors + Shariah committee only; no CISO/CRO/Compliance/CIO/GRC at management level. conf 95 Confirmed Aug 2026 via official Zurich Malaysia leaders page - only CEOs and Board members listed.]","Not publicly disclosed on leadership page [Official: zurich.com.my/about-zurich/the-zurich-story/our-leaders — as of Jul 2026, conf 30]. Confirmed Jul 2026: Official Our Leaders page (zurich.com.my/about-zurich/the-zurich-story/our-leaders) lists Country CEO Junior Cho, Life CEO Pauline Teoh, Takaful CEO Nur Fatihah Mustafa, board directors + Shariah committee only; no CISO/CRO/Compliance/CIO/GRC at management level. conf 95 Confirmed Aug 2026 via official Zurich Malaysia leaders page - only CEOs and Board members listed.]","Onn Kien Hoe (Chairman of Audit Committee) [Official: Zurich Life Insurance Malaysia Berhad AR 2024 PDF — Corporate Governance Statement p.4,7, conf 95 — board-level oversight, not executive CAE. Chaired all 6/6 Audit Committee meetings in FY2024. INED, Crowe Malaysia partner. No named executive Head of Internal Audit in AR 2024.]"
,2,Investment Banks,Affin Investment Bank Berhad,Teng Wei Lim (Thomas) (Group CISO/GCISO) [LinkedIn: my.linkedin.com/in/thomaslim],Cheong Dang (Group CRO) + Adzamimah Adzmi (Group CCO) [Group-level: Affin Bank],"Joanne Rodrigues (Group CFO, 6.1yrs tenure) [SimplyWall.st]","Cheong Dang (Group Chief Risk Officer, 4.3yrs) [SimplyWall.st]","Adzamimah Adzmi (Group Chief Compliance Officer, 8yrs) [SimplyWall.st]",CEO: Wan Razly Bin Wan Ali (President and Group CEO); COO: Risham Kamaruzaman [SimplyWall.st],"Wahdania Binti Mohd Khir (Group Chief Internal Auditor, 6.2yrs) [SimplyWall.st]"
,2,Investment Banks,Alliance Investment Bank Berhad,William Song (Group CISO) [Group-level: Alliance Bank],Jacob Abraham (Group CRO + Compliance oversight) [Group-level: Alliance Bank],Ronnie Royston Fernandiz (Group CFO) [Official: alliancebank.com.my],Jacob Abraham (Group Chief Risk Officer) [Official: alliancebank.com.my],"Jacob Abraham (Group CRO, also responsible for Group Compliance) [Official: alliancebank.com.my]",Nantha Kumar Subramanian (Group Chief Digital & Information Officer) [Official: alliancebank.com.my],Andrew Ng Yin Min (Group Chief Internal Auditor) [Official: alliancebank.com.my]
,2,Investment Banks,AmInvestment Bank Berhad,Malini Kanesamoorthy (CISO) [Group-level: AmBank],Shamsul Bahrom Bin Mohamed Ibrahim (CRO) + Faradina Binti Mohammad Ghouse (Compliance) [Group-level composite],"Phuah Shok Cheng (Group CFO, AmBank Group) [Official: ambankgroup.com]",Shamsul Bahrom Bin Mohamed Ibrahim (Group CRO) [Official: ambankgroup.com],Faradina Binti Mohammad Ghouse (Group CCO) [Official: ambankgroup.com],Wong Eng Teng (Group Chief Fintech & Technology Officer) [Official: ambankgroup.com],Ng Ek Leong (Group Chief Internal Auditor) [Official: ambankgroup.com]
,2,Investment Banks,BIMB Investment Bank Berhad,"Anthony Tai (Group CISO, Bank Islam) [Official: bankislam.com]","Nik Azmir Nik Anis (Group CCO + GRC Officer, Bank Islam) [Official: bankislam.com]","Siti Nur Huda Sufian (Group CFO, Bank Islam) [Official: bankislam.com]",Alina Sylvia Appoo (Group CRO) [Group-level: Bank Islam],"Nik Azmir Nik Anis (Group CCO, Bank Islam) [Official: bankislam.com]",Zulkanain Kassim (CITO) [Group-level: Bank Islam],"Zalfitri Abd Mutalip (Group Chief Internal Auditor, Bank Islam) [Official: bankislam.com]"
,2,Investment Banks,Bank Rakyat Investment Bank Berhad,"Syed Azlan (Chief Information Security Officer) [ZoomInfo professional database, conf 60 - group-level CISO at Bank Rakyat Malaysia covers subsidiary BRIB. Cross-ref: LinkedIn employee reports to CISO at Bank Kerjasama Rakyat Malaysia Berhad. Not on public Management Committee page (bankrakyat.com.my/portal-main/leaders/management-committee) which lists 8 SMT members excluding CISO. Verified Jul 2026.]","Fuhaizad Asmar Omar (Senior Manager Audit, Compliance & Governance) [Official: rmanagement.com.my/en/leadership - combined GRC+Audit+Compliance role at subsidiary level. Conf 80]",Nor Haimee Zakaria (Chief Finance Officer) [Group-level: Bank Rakyat],Azni Azaddin (Group Chief Risk Officer) [Group-level: Bank Rakyat],Jufree Soaidin (Group Chief Compliance Officer) [Group-level: Bank Rakyat],"Ismat Nazarul Mat Isa (Senior Manager Finance & IT) [Official: rmanagement.com.my/en/leadership, conf 82 - note: subsidiary-level, combined Finance & IT role]","Fuhaizad Asmar Omar (Senior Manager Audit, Compliance & Governance) [Official: rmanagement.com.my/en/leadership, conf 85 - note: subsidiary-level, combined Audit+Compliance+Governance role]"
,2,Investment Banks,CIMB Investment Bank Berhad,Charles Samuel (Group CISO) [Group-level: CIMB],Kwan Keen Yew (Group Chief Integrity & Governance Officer) [Official: cimb.com],Khairul Rifaie (Group CFO & Strategy Officer) [Official: cimb.com],Vera Handajani (Group CRO) [Official: cimb.com],Kwan Keen Yew (Group Chief Legal & Compliance Officer) [Official: cimb.com],Ros Aziah Mohd Yusoff (Group CTO) [Official: cimb.com],Amran Mohamad (Group Chief Internal Auditor) [Group-level: CIMB]
,2,Investment Banks,Hong Leong Investment Bank Berhad,"Dr. Simon Hoh (Group CISO) [Group-level: Hong Leong Bank, TheOrg: theorg.com/org/hong-leong-bank/org-chart/dr-simon-hoh, conf 60 - HL Capital AR 2025 lists 7 KSM members, no CISO; inherited from HLB group]",Justin Soong (CRO) + Jack Babani (Compliance) [Group-level composite],"San Kah Yee (Chief Financial Officer, HLIB) [Official: HL Capital AR 2025 Key Senior Management (hlib.com.my/Files/AnnualReports/HL_Capital_AR2025.pdf), conf 95 — entity-specific CFO for HLIB. Previous group-level fill Malkit Singh is HL Bank Group CFO; AR 2025 confirms San Kah Yee as HLIB CFO]",Justin Soong (Group CRO) [Group-level: Hong Leong Bank],Jack Babani (CCO) [Group-level: Hong Leong Bank],William Streitberg (Chief Info & Tech Officer) [Group-level: Hong Leong Bank],Chua Yew Lim (Chief Internal Auditor) [Group-level: Hong Leong Bank]
,2,Investment Banks,JF Apex Securities Berhad,No dedicated CISO publicly listed; small stockbroking firm (~150 employees); cybersecurity handled within Group CTO function,No dedicated Head of GRC; Group Board Risk Committee (Chairperson: Rozana binti Shamsuddin) provides board-level oversight per Apex Equity Holdings AR 2023,Tan Cheng Han|Group Financial Controller|85|https://apexequity.com.my/board-of-directors-and-key-management/,No dedicated CRO at management level; risk function overseen by Group Board Risk Committee (Chairperson: Rozana binti Shamsuddin) per Apex Equity Holdings AR 2023,Compliance function exists per SC regulations but individual not publicly named in annual reports or corporate website,Lim Chee Tooh Kelvin|Group Chief Technology Officer|80|https://apexequity.com.my/board-of-directors-and-key-management/,Internal audit function exists per Group Audit Committee (Chairperson: Woon Wai En) but individual not publicly named
,2,Investment Banks,Kenanga Investment Bank Berhad,Low Jia Yee — Chief Technology Officer (CISO-equivalent) [Official: kenanga.com.my/who-we-are/our-people/company/kenanga-investment-bank-berhad/] | conf 75 | No dedicated CISO/Head of IT Security among 25+ executives. CTO is closest equivalent.,Tai Yan Fee (CRO) + Choo Siew Fun (Compliance) [Group-level composite],Cheong Boon Kak (Group Chief Financial & Operations Officer) [Official: kenanga.com.my],Tai Yan Fee (Group Chief Risk Officer) [Official: kenanga.com.my],Choo Siew Fun (Group Chief Compliance & Ethics Officer) [Official: kenanga.com.my],Low Jia Yee (Chief Technology Officer) [Official: kenanga.com.my],Terence Tan Kian Meng (Group Chief Internal Auditor) [Official: kenanga.com.my]
,2,Investment Banks,MIDF Amanah Investment Bank Berhad,"Ts. Kathiresan Narayanasamy (SVP, Chief Information Security Officer) [AroundDeal + ZoomInfo: @midf.com.my email, previously CISO at Pos Malaysia. MEDIUM-LOW conf - unverified via web search, not on official MIDF key management page. Verified Jul 2026.]",Nor Azita Binti Sarip (SVP/Head Group Secretarial & Legal) [Official: midf.com.my],"Shahnaz Jammal (Group Chief Financial Officer, MBSB Bank) [Official: mbsb.com/corporate_about_team.html, conf 80 - Group-level]","Laurence Ong Wooi Keat (Group Chief Risk Officer, MBSB Bank) [Official: mbsb.com/corporate_about_team.html, conf 80 - Group-level]",Meor Ibrahim Othman (SVP/Head Group Compliance) [Official: midf.com.my],"Noor Azman Bin Abdul Karim (Group Chief Technology Officer, MBSB Bank) [Official: mbsb.com/corporate_about_team.html, conf 80 - Group-level]",Zanariah Daud (SVP/Head Group Control Assurance) [Official: midf.com.my]
,2,Investment Banks,Maybank Investment Bank Berhad,"Devinder Singh (Group CISO) [Group-level: Maybank, Official: maybank2u.com.my + LinkedIn/The Org, conf 85 - CISO function shared with Maybank group per SORMIC FY2023]",Cheryl Cheng Siew Ying (CRO) + Farhan Nor Diyana Samsudin (CCO) [Composite - GRC function split between Risk and Compliance at Maybank IB level; no dedicated GRC head. Group-level Maybank has Ho Mun Wah as Head of GRC but not at IB subsidiary. CRO and CCO confirmed via Maybank IB SORMIC FY2023.],"Ezrina Mahadzir (CFO, appointed 1 Apr 2021) [Official: maybank2u.com.my]","Cheryl Cheng Siew Ying (CRO, appointed 1 Jan 2021) [Official: maybank2u.com.my]","Farhan Nor Diyana Samsudin (Chief Compliance Officer, Maybank Investment Bank Berhad) [Official: Maybank IB SORMIC FY2023 (Statement on Risk Management and Internal Control, FY ended 31 Dec 2023) — ""Reviewed and cleared by: Group Audit Compliance: Farhan Nor Diyana Samsudin, Chief Compliance Officer, Maybank Investment Bank Berhad""; maybank2u.com.my iwov-resources PDF, conf 90]","Adrian Tan Kai Thern (Head of IT, joined 25 Apr 2022) [Official: maybank2u.com.my]","Rafirah Muhammad Arif (Chief Audit Executive, Maybank Investment Bank Berhad) [Official: Maybank IB SORMIC FY2023 — ""The GCAE is assisted by Puan Rafirah Muhammad Arif, the Chief Audit Executive (CAE) appointed to oversee the IA function of Maybank IB""; Certified Fraud Examiner, 13 years capital market experience; maybank2u.com.my iwov-resources PDF, conf 90]"
,2,Investment Banks,Phillip Securities (Malaysia) Sdn Bhd,"No dedicated CISO publicly listed; mid-size stockbroking firm — cybersecurity likely managed within IT function under Yorck Oliver Ago Reuber (IT Director) [Official: phillipinvest.com.my/the-management-team/, conf 90]","No dedicated Head of GRC; GRC functions overseen by Ramli Abd Hamid (Head of Legal, Compliance & Risk Management) [Official: phillipinvest.com.my/the-management-team/, conf 90]","Alina Sim (HOD Finance / CFO) [Official: phillipinvest.com.my/the-management-team/, conf 95]","Ramli Abd Hamid (Head of Legal, Compliance & Risk Management) [Official: phillipinvest.com.my/the-management-team/, conf 95 - combined Legal/Compliance/Risk role]","Ramli Abd Hamid (Head of Legal, Compliance & Risk Management) [Official: phillipinvest.com.my/the-management-team/, conf 95 - combined role]","Yorck Oliver Ago Reuber (IT Director) [Official: phillipinvest.com.my/the-management-team/, conf 95]","Fatin Fitriana Amran (Head of Internal Audit) [Official: phillipinvest.com.my/the-management-team/, conf 95]"
,2,Investment Banks,Public Investment Bank Berhad,"Irene Deng (Group CISO) [Group-level: Public Bank; RocketReach, conf 60]",Jasmine Loh Sook Ling (CRO) + Tan Shien Doon (Compliance) [Group-level composite],"Yik Sook Ling (CFO, Public Bank Group) [Official: publicbankgroup.com]","Jasmine Loh Sook Ling (CRO, Public Bank Group) [Official: publicbankgroup.com]","Tan Shien Doon (CCO, Public Bank Group) [Official: publicbankgroup.com]","Fam Yoke Fong (Senior GM, IT, Public Bank Group) [Official: publicbankgroup.com]","Lim Then Fui (Group Chief Internal Auditor, Public Bank Group) [Official: publicbankgroup.com]"
,2,Investment Banks,RHB Investment Bank Berhad,Soon Yap (CISO) [Group-level: RHB],Azman Shah Md Yaman (Group Chief Legal & Governance Officer) [Official: rhbgroup.com],Mohamed Bin Rastam Shahrom (Group CFO) [Official: rhbgroup.com],Dr Chong Han Hwee (Group CRO) [Official: rhbgroup.com],Fazlina Mohamed Ghazalli (Group CCO) [Official: rhbgroup.com],Wong Kwang Leh (Group CTO) [Official: rhbgroup.com],Tan Boon Ching (Group Chief Internal Auditor) [Official: rhbgroup.com]
,2,Takaful,AIA Public Takaful Berhad,"Chee Lung Yuen (Director, Technology Risk Management & BCM - CISO) [Group-level: AIA Shared Services covers all AIA entities in Malaysia including AIA Public Takaful Bhd. Conf 80]",Datin Veronica Selvanayagy (General Counsel) [Official: aia.com.my],Edwin Peh (CFO) [Official: aia.com.my],Tan Teoh Guan (CRO) [Official: aia.com.my],"Ahmad Faisal Ahamad Nawawi (Associate Director, Compliance) [Official: aia.com.my, conf 90]",Sherlly Yuan Xiaoli (CTO) [Official: aia.com.my],"Not publicly disclosed on leadership page [Official: aia.com.my/en/about-aia/aia-subsidiaries/about-aia-bhd/leadership-team — as of Jul 2026; shared audit function with AIA Bhd, conf 40]"
,2,Takaful,Allianz Takaful Berhad,"SHARES PARENT — No dedicated CISO for Allianz Takaful; cybersecurity managed at AMB group level [Source: allianz.com.my IAR 2024, conf 80]","SHARES PARENT — No dedicated Head of GRC for Allianz Takaful; GRC functions managed at AMB group level [Source: allianz.com.my IAR 2024, conf 80]","Chin Xiao Wei (CFO) [SimplyWallSt lists ""Xiao Chin"" = Chin Xiao Wei. IAR 2024 confirms CFO of Allianz General but Takaful NOT mentioned in IAR. Group CFO may cover Takaful but unconfirmed. Source: SimplyWallSt + IAR 2024 cross-ref, conf 70]","SHARES PARENT — No dedicated CRO for Allianz Takaful; risk oversight via Board Risk Management Committee at AMB group level [Source: allianz.com.my IAR 2024, conf 80]","SHARES PARENT — No dedicated Head of Compliance for Allianz Takaful; compliance managed at AMB group level [Source: allianz.com.my IAR 2024, conf 80]","David Brandl (Chief Information Technology Officer, Group) [Official: Allianz Malaysia IAR 2024 p.111 via Wayback Machine, conf 80 — upgraded from 70. Group CIO likely covers Takaful but IAR 2024 does not mention Takaful]","Narayana Samy Naidu Renugopal (Group Head of Internal Audit Department) [Official: Allianz Malaysia CG Report 2024 via Wayback Machine, conf 78. Group-level IA likely covers Takaful but IAR 2024 does not mention Takaful]"
,2,Takaful,Etiqa Takaful Berhad,Devinder Singh Sardool Singh (CISO) [Official: etiqa.com],Nurliana Mat Lazim (CRO/Compliance - GRC) [Official: etiqa.com],Lee Hin Sze (CFO) [Official: etiqa.com],Nurliana Mat Lazim (Chief Risk & Compliance Officer) [Official: etiqa.com],Roslina Mohd Ramza (CCO) [Official: etiqa.com],Dennis Liu (CTO) [Official: etiqa.com],"Azian Ismail (Chief Audit Executive, Maybank Group) [Group-level: Maybank]"
,2,Takaful,Family Takaful Berhad,"Nazaruddin Adha bin Md Noor (Chief Technology Officer - CISO-equivalent) [Official: takaful-malaysia.com.my/en/about-us/our-leaders, conf 75 - CISO-equivalent, no dedicated CISO published]","Shizal Fisham bin Ramli (Chief Governance Officer) [takaful-malaysia.com.my, HIGH-90]","New Kheng Chee (Group CFO) [takaful-malaysia.com.my, HIGH-90]","Shizal Fisham Ramli (Chief Risk Officer) [Malaysian Insurance Directory 2025/2026, conf 85 - note: same name appears at Takaful Malaysia GRC; cross-entity role]","Redzuan bin Abu [takaful-malaysia.com.my, HIGH-90]","Nazaruddin Adha bin Md Noor (CTO) [takaful-malaysia.com.my, HIGH-90]","Zuhairi bin Ismail (Chief Internal Auditor) [takaful-malaysia.com.my, HIGH-90]"
,2,Takaful,General Takaful Berhad,Not publicly disclosed on official leadership page,"Shizal Fisham bin Ramli (Chief Governance Officer) [takaful-malaysia.com.my, HIGH-90]","New Kheng Chee (Group CFO) [takaful-malaysia.com.my, HIGH-90]","Not publicly disclosed on leadership page [Official: takaful-malaysia.com.my/en/about-us/our-leaders, Jul 2026. Chief Governance Officer covers risk function. conf 90]","Redzuan bin Abu [takaful-malaysia.com.my, HIGH-90]","Nazaruddin Adha bin Md Noor (CTO) [takaful-malaysia.com.my, HIGH-90]","Zuhairi bin Ismail (Chief Internal Auditor) [takaful-malaysia.com.my, HIGH-90]"
,2,Takaful,HSBC Amanah Takaful (Malaysia) Berhad,"Not publicly disclosed [Official: fwd.com.my & about.hsbc.com.my — as of Jul 2026, conf 25]","Not publicly disclosed [Official: fwd.com.my & about.hsbc.com.my — as of Jul 2026, conf 25]","Muhammad Afiq bin Hamzah (Acting Chief Financial Officer) [Official: fwd.com.my/about-us/tkfl/meet-our-team, conf 95 — confirmed. Title is ""Acting CFO""]","Not publicly disclosed [Official: fwd.com.my & about.hsbc.com.my — as of Jul 2026, conf 25]","Lim Weng Leong (Head of Compliance) [Official: fwd.com.my/about-us/tkfl/meet-our-team, conf 95 — confirmed. 1 of 6 executive management team members]","Not publicly disclosed [Official: fwd.com.my & about.hsbc.com.my — as of Jul 2026, conf 25]","Not publicly disclosed [Official: fwd.com.my & about.hsbc.com.my — as of Jul 2026, conf 25]"
,2,Takaful,Manulife Takaful Malaysia Berhad,"SHARES PARENT — No dedicated CISO for Manulife Takaful; cybersecurity managed at Manulife Holdings Berhad group level [Official: Manulife Holdings Berhad AR 2024, conf 85]","Jasbender Kaur (Chief Counsel & Corporate Services Officer, MHB - management shared) [Official: Manulife Holdings Berhad AR 2024, conf 85 - shared management with Manulife Insurance Berhad]","Ng Chun Nam (Chief Financial Officer, Manulife Insurance Berhad - management shared) [Official: Manulife Annual Report 2024, conf 85]","Mohd Naim Bin Mohd Arsad (Chief Risk Officer, Manulife Insurance Berhad - management shared) [Official: Manulife Holdings Berhad Annual Report 2025, p.13 Key Senior Management's Profile, conf 85]","Senthil Woon Wai Keong (Chief Compliance Officer, Manulife Insurance Berhad - management shared) [Official: Manulife Holdings Berhad Annual Report 2025, p.13 Key Senior Management's Profile, conf 85]","Bernard Sia (Chief Information Officer, Manulife Insurance Berhad - management shared) [Official: Manulife Annual Report 2024, conf 85]","Krishna Rajaa Ramalingam (Head of Audit Services - Malaysia) [Official: Manulife Holdings Berhad Annual Report 2025, p.91 Group Audit Committee Report, conf 90 - CIA, FAIA. Scope covers all Manulife Malaysia entities including Takaful]"
,2,Takaful,Prudential BSN Takaful Berhad,"Eng Fun Darren See (CISO / Head of Technology Risk) [LinkedIn: my.linkedin.com/in/eng-fun-darren-see-02251714 — confirmed Jul 2026. PruBSN 2025 FS mentions ""Head of Technology Risk""; LinkedIn profile confirms CISO/Head of Technology Risk role. Conf 75]","CEO: Wan Ismail (CEO) [RocketReach]; Zanariah Zahari (Director, Compliance) [RocketReach]; 12 executives per theofficialboard including Saifulrizal Ismail, Kelvin Wong (CFO), Ahmir Ud Deen [theofficialboard.com]","Kelvin Wong (Chief Financial Officer) [Official: prubsn.com.my/en/about-us/about-prubsn/our-leaders, conf 95 — confirmed on official ExCo page as of Jul 2026]","Anita Menon|Chief Risk Officer|80|https://theorg.com/org/prudential-bsn-takaful-berhad/org-chart/anita-menon-acma|REINSTATED from v5.23 STALE note. Anita Menon confirmed CURRENT CRO via 4 independent sources: (1) TheOrg ""joined PruBSN as CRO in 2012, a position they hold to this day""; (2) LeadIQ (May 2026) ""Chief Risk Officer: A.M.A."" (= Anita Menon ACMA); (3) ContactOut ""Anita Menon Acma Chief Risk Officer""; (4) TheOfficialBoard bio. Prior v5.23 note (""not on current ExCo scrape, may have departed"") was over-pessimistic - CRO is not on the ExCo page subset. Multi-source cross-referenced, present-tense confirmation.","Anita Menon|Chief Risk Officer / Chief Compliance Officer (combined role)|70|https://theorg.com/org/prudential-bsn-takaful-berhad/org-chart/anita-menon-acma|Inferred combined role: PruBSN 2025 Audited FS references a single combined ""Chief Risk Officer (CRO) / Chief Compliance Officer"" position. Anita Menon confirmed as CRO (multi-source, conf 80) -> holds combined CRO/CCO role. No separate Chief Compliance Officer listed in TheOrg, LeadIQ, or ContactOut. Confidence 70 (inference from FS combined-role reference + CRO confirmation).","Not publicly disclosed on Prudential BSN Takaful leadership page [Official: prubsn.com.my/en/about-us/about-prubsn/our-leaders, conf 85]","Not publicly disclosed on Prudential BSN Takaful leadership page [Official: prubsn.com.my/en/about-us/about-prubsn/our-leaders, conf 85]"
,2,Takaful,Syarikat Takaful Malaysia Berhad,Not publicly disclosed on official leadership page,Shizal Fisham bin Ramli (Chief Governance Officer) [Official: takaful-malaysia.com.my],New Kheng Chee (Group CFO) [Official: takaful-malaysia.com.my],"Not publicly disclosed on leadership page [Official: takaful-malaysia.com.my/en/about-us/our-leaders, Jul 2026. Chief Governance Officer covers risk function. conf 90]",Redzuan bin Abu (Head of Compliance) [Official: takaful-malaysia.com.my],Nazaruddin Adha bin Md Noor (CTO) [Official: takaful-malaysia.com.my confirmed 2026-07-26] — Note: ET CIO SEA reported Ts. Tengku Intan joined as CTO Jan 2025 [ciosea.economictimes.indiatimes.com/news/corporate/ts-tengku-intan-joins-syarikat-takaful-malaysia-as-chief-technology-officer/116882054]; current official site lists Nazaruddin suggesting role change or departure,Zuhairi bin Ismail (Chief Internal Audit) [Official: takaful-malaysia.com.my]
,2,Takaful,Takaful Am General Berhad,Not publicly disclosed on official leadership page,"Shizal Fisham bin Ramli (Ketua Pegawai Tadbir Urus / Chief Governance Officer, Takaful Malaysia group) [Official: takaful-malaysia.com.my/tentang-kami/barisan-kepimpinan/, conf 60 - covers Governance component of GRC; Compliance separately headed by Redzuan bin Abu]","Sharmini Perampalam (EVP & Group CFO) [mnrb.com.my, HIGH-90]","Not publicly disclosed [Official: takaful-malaysia.com.my/en/about-us/our-leaders & mnrb.com.my, Jul 2026. conf 85]","Abd Ghafur Ahmad (SVP & Group Chief Compliance Officer) [mnrb.com.my, HIGH-90]","Aaron Loo (SVP & Group Chief Transformation Officer) [mnrb.com.my, MEDIUM-65]","Haniza Filzah Hayani Abu Haniffa (SVP & Group Chief Internal Auditor) [mnrb.com.my, HIGH-90]"
,2,Takaful,Takaful IKHLAS Berhad,"Not publicly disclosed on MNRB/Takaful IKHLAS leadership pages [Official: mnrb.com.my, conf 85]","Abd Ghafur Ahmad (Senior VP & Group Chief Compliance Officer, MNRB Group) [Official: mnrb.com.my/about-us/our-leadership, conf 75 - Group Chief Compliance Officer functionally covers GRC; same person as Head of Compliance column]","Sharmini Perampalam (Executive VP and Group CFO, MNRB Group) [Official: mnrb.com.my, conf 75 - group-level]","Leong Joe Yee (Senior VP & Group Chief Risk Officer, MNRB Group) [Annual Report 2025: mnrb.com.my/api/uploads/WEBSITE_MNRB_AR_2025_cc4e87ede9.pdf, conf 90]","Abd Ghafur Ahmad (Senior VP & Group Chief Compliance Officer, MNRB Group) [Official: mnrb.com.my, conf 75 - group-level]","Lee Kok Seong (Senior VP & Chief Information Officer) [Malaysian Insurance Directory 2025/2026, conf 90]","Haniza Filzah Hayani Abu Haniffa (Senior VP and Group Chief Internal Auditor, MNRB Group) [Official: mnrb.com.my, conf 75 - group-level]"
,2,Takaful,Zurich Takaful Malaysia Berhad,"Terrence Chock (Head of Information Security / BISO - Singapore & Indonesia, Zurich Insurance Company Ltd) [Group-level: infosec function shared regionally; CSO30 ASEAN 2025 winner; covers Singapore & Indonesia, Malaysia likely under group structure. conf 60] [CSO30 ASEAN 2025: cybersecurityinfocus.com/?p=5791]","Not publicly disclosed on leadership page [Official: zurich.com.my/about-zurich/the-zurich-story/our-leaders — as of Jul 2026, conf 30]. Confirmed Jul 2026: Official Our Leaders page (zurich.com.my/about-zurich/the-zurich-story/our-leaders) lists 4 entity CEOs + board + Shariah committee only; no CISO/CRO/Compliance/CIO/GRC disclosed. conf 95 Confirmed Aug 2026 via official Zurich Malaysia leaders page - only CEOs and Board members listed.]","Timothy William Howell (Executive Director / Head of Finance and CFO Asia Pacific) [Official: Zurich Life Insurance Malaysia Berhad AR 2024; Zurich Malaysia leadership page confirms shared governance under Country CEO Junior Cho, confirmed Aug 2026]","Not publicly disclosed on leadership page [Official: zurich.com.my/about-zurich/the-zurich-story/our-leaders — as of Jul 2026, conf 30]. Confirmed Jul 2026: Official Our Leaders page (zurich.com.my/about-zurich/the-zurich-story/our-leaders) lists 4 entity CEOs + board + Shariah committee only; no CISO/CRO/Compliance/CIO/GRC disclosed. conf 95 Confirmed Aug 2026 via official Zurich Malaysia leaders page - only CEOs and Board members listed.]","Not publicly disclosed on leadership page [Official: zurich.com.my/about-zurich/the-zurich-story/our-leaders — as of Jul 2026, conf 30]. Confirmed Jul 2026: Official Our Leaders page (zurich.com.my/about-zurich/the-zurich-story/our-leaders) lists 4 entity CEOs + board + Shariah committee only; no CISO/CRO/Compliance/CIO/GRC disclosed. conf 95 Confirmed Aug 2026 via official Zurich Malaysia leaders page - only CEOs and Board members listed.]","Not publicly disclosed on leadership page [Official: zurich.com.my/about-zurich/the-zurich-story/our-leaders — as of Jul 2026, conf 30]. Confirmed Jul 2026: Official Our Leaders page (zurich.com.my/about-zurich/the-zurich-story/our-leaders) lists 4 entity CEOs + board + Shariah committee only; no CISO/CRO/Compliance/CIO/GRC disclosed. conf 95 Confirmed Aug 2026 via official Zurich Malaysia leaders page - only CEOs and Board members listed.]","Jan Yoke Lan (Chairperson of Audit Committee) [Official: Zurich Takaful Malaysia Berhad AR 2024 PDF — Corporate Governance Statement p.4,7, conf 95 — board-level oversight, not executive CAE. Chaired Audit Committee (15/16 meetings attended FY2024). INED, former BNM 10 years, former Senior Research Analyst UBS/RHB. No named executive Head of Internal Audit in AR 2024.]"
,3,Asset Management,CIMB-Principal Asset Management Berhad,"SHARES PARENT — No dedicated CISO; cybersecurity managed at CIMB Group level (Charles Samuel, Group CISO) [Source: cimb.com, conf 85]","Lim Khai Qi (Head, Risk Management - ASEAN)","Hiten Asher (CFO, Southeast Asia)","Lim Khai Qi (Head, Risk Management)","Nadia Bakar (Head, Compliance)",Ng Jit Seng (COO & Head of Agency & Digital Business),"Amran Mohamad (Group Chief Internal Auditor, CIMB Group) [Group-level shared service: CIMB Group IAR 2025 + CG Report 2025 — GCAD covers all subsidiaries including CIMB-Principal AM] | conf 55"
,3,Asset Management,Hong Leong Asset Management Berhad,"SHARES PARENT — No dedicated CISO; cybersecurity managed at Hong Leong Group level (Dr. Simon Hoh, Group CISO) [Source: hlb.com.my, conf 80]","SHARES PARENT — No dedicated Head of GRC; GRC managed at Hong Leong Group level (Justin Soong, Group CRO; Jack Babani, Group CCO) [Source: hongleongbank.com, conf 80]","San Kah Yee|Chief Financial Officer, Hong Leong Capital Berhad (parent, shared service — HLIB/HLCB group CFO confirmed in HLCB Annual Report FY2025)|75|https://www.hlcap.com.my/data/annual-reports/Annual-Report-2025-new.pdf|Confirmed in HLCB Annual Report FY2025 (official). HLAM is a subsidiary of HLCB; no dedicated HLAM CFO identified. [Official annual report, conf 75]","SHARES PARENT — No dedicated CRO; risk managed at Hong Leong Group level (Justin Soong, Group CRO) [Source: hlb.com.my, conf 80]","SHARES PARENT — No dedicated Head of Compliance; compliance managed at Hong Leong Group level (Jack Babani, Group CCO) [Source: hlb.com.my, conf 80]","SHARES PARENT — No dedicated CIO; IT managed at Hong Leong Group level (William Streitberg, Chief Info & Tech Officer) [Source: hlb.com.my, conf 80]","SHARES PARENT — No dedicated Head of Internal Audit; IA managed at Hong Leong Group level (Chua Yew Lim, Chief Internal Auditor) [Source: hlb.com.my, conf 80]"
,3,Asset Management,Maybank Asset Management Group Sdn Bhd,"SHARES PARENT — No dedicated CISO; cybersecurity managed at Maybank Group level (Devinder Singh, Group CISO) [Source: maybank2u.com.my, conf 85]","SHARES PARENT — No dedicated Head of GRC; GRC managed at Maybank Group level [Source: maybank2u.com.my, conf 85]","SHARES PARENT — No dedicated CFO; financial management shared at Maybank Group level (Ezrina Mahadzir, Group CFO for Maybank IB) [Source: maybank2u.com.my, conf 80]","SHARES PARENT — No dedicated CRO; risk managed at Maybank Group level [Source: maybank2u.com.my, conf 85]","SHARES PARENT — No dedicated Head of Compliance; compliance managed at Maybank Group level [Source: maybank2u.com.my, conf 85]","SHARES PARENT — No dedicated CIO; IT managed at Maybank Group level (Adrian Tan Kai Thern, Head of IT for Maybank IB) [Source: maybank2u.com.my, conf 80]","SHARES PARENT — No dedicated Head of Internal Audit; IA managed at Maybank Group level (Azian Ismail, Chief Audit Executive for Maybank Group) [Source: maybank2u.com.my, conf 85]"
,3,Asset Management,Public Mutual Berhad,"SHARES PARENT — No dedicated CISO; cybersecurity managed at Public Bank Group level (Irene Deng, Group CISO) [Source: publicbankgroup.com, conf 80]","SHARES PARENT — No dedicated Head of GRC; GRC managed at Public Bank Group level [Source: publicbankgroup.com, conf 80]","SHARES PARENT — No dedicated CFO; financial management shared at Public Bank Group level (Yik Sook Ling, CFO) [Source: publicbankgroup.com, conf 80]","SHARES PARENT — No dedicated CRO; risk managed at Public Bank Group level (Jasmine Loh Sook Ling, Group CRO) [Source: publicbankgroup.com, conf 80]",Amirul Zaharin B. Razalli (Assistant Vice President – Compliance) — publicmutual.com.my/pmb/Our-People,"SHARES PARENT — No dedicated CIO; IT managed at Public Bank Group level (Fam Yoke Fong, Senior GM, IT) [Source: publicbankgroup.com, conf 80]","SHARES PARENT — No dedicated Head of Internal Audit; IA managed at Public Bank Group level (Lim Then Fui, Group Chief Internal Auditor) [Source: publicbankgroup.com, conf 80]"
,3,Asset Management,RHB Asset Management Sdn Bhd,"SHARES PARENT — No dedicated CISO; cybersecurity managed at RHB Group level (Soon Yap, Group CISO) [Source: rhbgroup.com, conf 85]",Azman Shah Md Yaman (Group Chief Legal & Governance Officer) [Source: rhbgroup.com/others/about-us/group-senior-management/index.html],"Mohamed Bin Rastam Shahrom (Group CFO) [Source: rhbgroup.com - AM is part of RHB Investment Bank, Kevin Vijendren Davies MD oversees AM]",Dr Chong Han Hwee (Group CRO) [Source: rhbgroup.com/others/about-us/group-senior-management/index.html],Fazlina Mohamed Ghazalli (Group Chief Compliance Officer) [Source: rhbgroup.com/others/about-us/group-senior-management/index.html],Wong Kwang Leh (Group CTO) [Source: rhbgroup.com/others/about-us/group-senior-management/index.html],Tan Boon Ching (Group Chief Internal Auditor) [Source: rhbgroup.com/others/about-us/group-senior-management/index.html]
,3,Development FIs,Agrobank Malaysia,"Nolan Jeffrey A/L Abdul Hai (Group CIO, CISO-equivalent) [Official: agrobank.com.my/my/home/corporate-info/senior-leadership/, conf 85]",Encik Hussien Mullar (CRO) + Encik Fairoshawal Idrus (Compliance),Encik Zulkeefli Mad Karim,Encik Hussien Mullar,Encik Fairoshawal Idrus,"Nolan Jeffrey A/L Abdul Hai (Group Chief Information Technology Officer) [Official: agrobank.com.my/home/corporate-info/senior-leadership/, conf 95]",Encik Kamarudin Samsudin
,3,Development FIs,Bank Pembangunan Malaysia Berhad (BPMB),"Hairil Izwar Abd Rahman (Group Chief Digital & Technology Officer, CISO-equivalent) [Official: bpmb.com.my/about-us/leadership/, conf 80]",Mohammad Azam Ahmad (Group CRO) + Rohayati Talha (Group CCO) [Composite] [Official: bpmb.com.my],Hee Wei Jean (Group CFO) [Official: bpmb.com.my],Mohammad Azam Ahmad (Group CRO) [Official: bpmb.com.my],Rohayati Talha (Group CCO) [Official: bpmb.com.my],Hairil Izwar Abd Rahman (Group Chief Digital & Technology Officer) [Official: bpmb.com.my],Hasrul Farid Hasnan (Group Chief Internal Auditor) [Official: bpmb.com.my]
,3,Development FIs,Bank Rakyat Malaysia,"Ts. Tahrizi Tahreb (Cybersecurity Professional) [LinkedIn: my.linkedin.com/in/ts-tahrizi-tahreb, conf 40 - title not explicitly CISO]",Azni Azaddin (CRO) + Jufree Soaidin (Compliance) [Composite],Nor Haimee Zakaria (Chief Finance Officer) — bankrakyat.com.my/portal-main/leaders/management-committee,Azni Azaddin (Group Chief Risk Officer) — bankrakyat.com.my/portal-main/leaders/management-committee,Jufree Soaidin (Group Chief Compliance Officer) — bankrakyat.com.my/portal-main/leaders/management-committee,Zulkanain Kassim (Chief Information Technology Officer) [LinkedIn/TheOfficialBoard],"Not publicly disclosed on Bank Rakyat management committee page. 8 management committee members listed; no Head of Internal Audit role. [Official: bankrakyat.com.my/portal-main/leaders/management-committee, conf 95]"
,3,Development FIs,Bank Simpanan Nasional (BSN),"Not publicly disclosed on BSN website leadership page [Official: bsn.com.my, conf 85]",Muizz Aiman Farid (CRO) + Sujit Guha Thakurta (Compliance) [Composite],Norhafizah Md Shariff (Chief Financial Officer) [Official: bsn.com.my],Muizz Aiman Farid (SVP / Chief Risk Officer) [Official: bsn.com.my],Sujit Guha Thakurta (SVP / Chief Compliance Officer) [Official: bsn.com.my],Asrul Kamaruddin (Chief Information Officer) [TheOrg - unverified],"Not publicly disclosed on BSN website leadership page [Official: bsn.com.my, conf 85]"
,3,Development FIs,Credit Guarantee Corporation Malaysia Berhad,"Not publicly disclosed on CGC website [Official: cgc.com.my, conf 85]","Not publicly disclosed on CGC website [Official: cgc.com.my, conf 85]","Not publicly disclosed on CGC website [Official: cgc.com.my, conf 85]","Zarina Osman (Chief Risk Officer) [Official: cgc.com.my/en-us/about/leadership/group-management, conf 95]","Uma Mageswary Murugaya (Head, Compliance & Integrity) [Official: cgc.com.my/en-us/about/leadership/group-management, conf 95]","Wai Ko-chi (Chief Technology Officer) [Official: cgc.com.my/en-us/about/leadership/group-management, conf 95]","Perbagaran Kuppusamy (Chief Internal Auditor) [Official: cgc.com.my/en-us/about/leadership/group-management, conf 95]"
,3,Development FIs,EXIM Bank Malaysia,"Hairil Izwar Abd Rahman (Group Chief Digital & Technology Officer, BPMB Group, CISO-equivalent) [Official: bpmb.com.my/about-us/leadership/, conf 80]","Wan Noorazli Maula Wan Suleiman (Head of Legal, Governance & Recovery) [Official: exim.com.my]; Mohammad Azam Ahmad (Group CRO) + Rohayati Talha (Group CCO) [Composite, BPMB Group] [Official: bpmb.com.my]","Hee Wei Jean (Group CFO, BPMB) [Official: bpmb.com.my/about-us/leadership]","Abdul Hadi Jusoh (Chief Risk Officer) [Official: exim.com.my]; Mohammad Azam Ahmad (Group CRO, BPMB) [Official: bpmb.com.my]","Nizam Samad (Chief Compliance Officer) [Official: exim.com.my]; Rohayati Talha (Group CCO, BPMB) [Official: bpmb.com.my]","Hairil Izwar Abd Rahman (Group Chief Digital & Technology Officer, BPMB) [Official: bpmb.com.my/about-us/leadership]","Shahrul Farelli Zulkiffli (Chief Internal Auditor) [Official: exim.com.my]; Hasrul Farid Hasnan (Group Chief Internal Auditor, BPMB) [Official: bpmb.com.my]"
,3,Development FIs,LPPSA,"Not publicly disclosed on LPPSA website [Official: lppsa.gov.my, conf 85]","Not publicly disclosed on LPPSA website [Official: lppsa.gov.my, conf 85]","Mohd Zawawi bin Mohd Muhiddin (Chief Finance Officer, Financial Management & Services Division) [HIGH confidence — Official: lppsa.gov.my/v3/en/pengurusan (official LPPSA Management page; 22 management profile PNG images extracted via Tesseract OCR, Jul 2025)]","Not publicly disclosed on LPPSA website [Official: lppsa.gov.my, conf 85]","Zahari bin Mohd Alias (Senior Manager, Integrity & Compliance Department) [MEDIUM-HIGH confidence — Official: lppsa.gov.my/v3/en/pengurusan (official LPPSA Management page; 22 management profile PNG images extracted via Tesseract OCR, Jul 2025)]","Mohd Nor Ferim bin Mohd Simin (Assistant General Manager, Information Communication and Technology Department) [MEDIUM-HIGH confidence — Official: lppsa.gov.my/v3/en/pengurusan (official LPPSA Management page; 22 management profile PNG images extracted via Tesseract OCR, Jul 2025)]","Yuzrah binti Mahmud (Assistant General Manager, Internal Audit Department) [MEDIUM-HIGH confidence — Official: lppsa.gov.my/v3/en/pengurusan (official LPPSA Management page; 22 management profile PNG images extracted via Tesseract OCR, Jul 2025)]"
,3,Development FIs,MARA,"Not publicly disclosed on MARA website [Official: mara.gov.my, conf 85]","Not publicly disclosed on MARA website [Official: mara.gov.my, conf 85]","Not publicly disclosed on MARA website [Official: mara.gov.my, conf 85]","Not publicly disclosed on MARA website [Official: mara.gov.my, conf 85]","Not publicly disclosed on MARA website [Official: mara.gov.my, conf 85]",Dr. Azmi bin Amat Murjan,"Not publicly disclosed on MARA website [Official: mara.gov.my, conf 85]"
,3,Development FIs,Malaysia Debt Ventures Berhad,"Not publicly disclosed on MDV website [Official: mdv.com.my, conf 85]","Rozita Khamsiah Binti Othman (SVP, Compliance and Governance)",Adrian Khor Yew Meng,Ahmad Shukri Bin Abd Rahman,"Rozita Khamsiah Binti Othman (SVP, Compliance and Governance)","Zuhry Rashid (VP, Technology Research and Advisory)","Norazian Mat Yusup (VP, Internal Audit)"
,3,Development FIs,PUNB,"Not publicly disclosed on PUNB website [Official: punb.com.my, conf 85]","Ahmad Faisal Mohd Basir (Head, Company Secretary & Governance) [Official: punb.com.my]","Azman Abdullah (General Manager, Finance & Transformation Division) [Official: punb.com.my]","Mohd Sulaiman Khazali (Head, Internal Audit & Risk Management) [Official: punb.com.my]","Norasyikin Mansor (Head, Legal Affairs) [Official: punb.com.my]","Not publicly disclosed on PUNB website [Official: punb.com.my, conf 85]","Mohd Sulaiman Khazali (Head, Internal Audit & Risk Management) [Official: punb.com.my]"
,3,Development FIs,SME Bank Berhad,"Hairil Izwar Abd Rahman (Group Chief Digital & Technology Officer, BPMB Group, CISO-equivalent) [Official: bpmb.com.my/about-us/leadership/, conf 80]",Mohammad Azam Ahmad (CRO) + Rosehamidi Kamaruddin (Compliance) [Group-level composite],"Hee Wei Jean (Group CFO, BPMB) [Official: bpmb.com.my]; Samad Majid Zain (was CFO Nov 2021 - Jun 2026, now CEO as of 1 Jul 2026) [Official: smebank.com.my]","Mohammad Azam Ahmad (Group Chief Risk Officer, BPMB) [Official: bpmb.com.my/about-us/leadership, conf 70 - BPMB Group-level]",Rosehamidi Kamaruddin (per RocketReach),"Hairil Izwar Abd Rahman (Group Chief Digital & Technology Officer, BPMB) [Official: bpmb.com.my/about-us/leadership, conf 70 - BPMB Group-level]","Hasrul Farid Hasnan (Group Chief Internal Auditor, BPMB) [Official: bpmb.com.my/about-us/leadership, conf 70 - BPMB Group-level]"
,3,Development FIs,Tabung Haji,Shamsul Kamal Hussein Kamal,Syahril Nizam Abu Hasan,Shamsul Bahar Shamsudin,Syahril Nizam Abu Hasan,Syahril Nizam Abu Hasan,Shamsul Kamal Hussein Kamal,Abu Bakar Baba
,3,Development FIs,Tekun Nasional,"Not publicly disclosed on TEKUN website [Official: tekun.gov.my, conf 85]","Not publicly disclosed on TEKUN website [Official: tekun.gov.my, conf 85]","Hj. Aishamuddin bin Zulkefli (Timbalan Ketua Pegawai Eksekutif (Kewangan) / Deputy CEO Finance) [Official: tekun.gov.my PDF org chart, conf 90]","Hj Mohamad Razman bin Razak (Ketua Jabatan Pengurusan Risiko / Head of Risk Management) [Official: tekun.gov.my PDF org chart, conf 90]","Jalilah Che Bidin (Ketua Jabatan Integriti & Tadbir Urus / Head of Integrity & Governance) [Official: tekun.gov.my PDF org chart, conf 90]","Hj. Muhammad Yusman bin Yusoff (Ketua Jabatan Teknologi Maklumat / Head of IT) [Official: tekun.gov.my PDF org chart, conf 90]","Md Rukemi bin Ishak (Ketua Jabatan Audit Dalam / Head of Internal Audit) [Official: tekun.gov.my PDF org chart, conf 90]"
,3,MSBs,2C2P (Malaysia) Sdn Bhd,"SHARES PARENT — 2C2P acquired by Ant Group (now ""2C2P by Antom""); cybersecurity managed at Antom/Ant Group global level [Official: 2c2p.com/about-us, conf 85]","SHARES PARENT — No dedicated GRC for Malaysia entity; managed at 2C2P Group level (Singapore HQ, 500+ staff across 6 markets) [Official: 2c2p.com, conf 85]","SHARES PARENT — No dedicated CFO for Malaysia entity; managed at 2C2P Group level (Singapore HQ) [Official: 2c2p.com, conf 85]","SHARES PARENT — No dedicated CRO for Malaysia entity; managed at 2C2P Group level [Official: 2c2p.com, conf 85]","SHARES PARENT — No dedicated Compliance Head for Malaysia entity; managed at 2C2P Group level [Official: 2c2p.com, conf 85]","SHARES PARENT — No dedicated CIO for Malaysia entity; IT managed at 2C2P Group level [Official: 2c2p.com, conf 85]","SHARES PARENT — No dedicated Internal Audit Head for Malaysia entity; managed at 2C2P Group level [Official: 2c2p.com, conf 85]"
,3,MSBs,BigPay Malaysia Sdn Bhd,"Angus Thorn|Group Chief Information Security Officer|65|https://theorg.com/org/bigpay/teams/leadership-team|BigPay Group CISO [TheOrg crowd-sourced org chart, Unverified. BigPay = Capital A (formerly AirAsia) fintech subsidiary, BNM-licensed e-money issuer.]","Ryan Vinoth|Head of Credit Risk (GRC equivalent)|60|https://theorg.com/org/bigpay/teams/finance-and-compliance-team|TheOrg confirmed — Head Of Credit Risk at BigPay. For fintech scale, covers GRC function. [TheOrg crowd-sourced org chart, confirmed listing, conf 60]","Nicholas Chua|Chief Financial Officer|65|https://theorg.com/org/bigpay/teams/leadership-team|BigPay-specific CFO [TheOrg crowd-sourced org chart, Unverified]. Previous entry: Mun Hui Teh (CFO, Capital A Berhad parent, conf 80, capitala.com). BigPay has its own CFO distinct from parent Capital A CFO.","Ryan Vinoth|Head of Credit Risk|60|https://theorg.com/org/bigpay/teams/finance-and-compliance-team|TheOrg confirmed — Head Of Credit Risk at BigPay. De facto CRO for fintech-scale firm. [TheOrg crowd-sourced org chart, confirmed listing, conf 60]","Divya Das|Head Of Compliance|65|https://theorg.com/org/bigpay/teams/finance-and-compliance-team|BigPay Head of Compliance (CAMS, ICA RC Dip) [TheOrg crowd-sourced org chart, Unverified]. Divya Das listed as 'Head Of Compliance - Bigpay (airasia Group Company)' on TheOrg Finance & Compliance Team page.","Siddharth (Sid) R.|Group Chief Technology Officer|65|https://theorg.com/org/bigpay/teams/leadership-team|BigPay Group CTO [TheOrg crowd-sourced org chart, Unverified]. CTO function covers CIO/technology leadership at this fintech.","SHARES PARENT — Internal Audit managed at BigPay/Grab Financial Group level [Official: theorg.com/org/bigpay, conf 65]"
,3,MSBs,Billplz Sdn Bhd,"SMALL FIRM — ~30 employees; no dedicated CISO; cybersecurity managed within engineering team [Official: billplz.com/about, conf 90]","SMALL FIRM — ~30 employees; no dedicated Head of GRC [Official: billplz.com/about, conf 90]","SMALL FIRM — ~30 employees; no dedicated CFO publicly listed [Official: billplz.com/about, conf 90]","SMALL FIRM — ~30 employees; no dedicated CRO [Official: billplz.com/about, conf 90]","SMALL FIRM — ~30 employees; no dedicated Head of Compliance [Official: billplz.com/about, conf 90]","SMALL FIRM — ~30 employees; no dedicated CIO; IT handled within engineering [Official: billplz.com/about, conf 90]","SMALL FIRM — ~30 employees; no dedicated Head of Internal Audit [Official: billplz.com/about, conf 90]"
,3,MSBs,CurrencyFair (Malaysia) Sdn Bhd,"SHARES PARENT — CurrencyFair HQ in Ireland; no dedicated CISO for Malaysia entity [Official: currencyfair.com, conf 80]","SHARES PARENT — No dedicated GRC for Malaysia entity; managed at CurrencyFair Group level [Official: currencyfair.com, conf 80]","SHARES PARENT — No dedicated CFO for Malaysia entity; managed at CurrencyFair Group level [Official: currencyfair.com, conf 80]","SHARES PARENT — No dedicated CRO for Malaysia entity [Official: currencyfair.com, conf 80]","SHARES PARENT — No dedicated Compliance Head for Malaysia entity [Official: currencyfair.com, conf 80]","SHARES PARENT — No dedicated CIO for Malaysia entity [Official: currencyfair.com, conf 80]","SHARES PARENT — No dedicated Internal Audit Head for Malaysia entity [Official: currencyfair.com, conf 80]"
,3,MSBs,G2G Online (Malaysia) Sdn Bhd,SMALL FIRM — No publicly disclosed CISO for G2G Online Malaysia [conf 80],SMALL FIRM — No publicly disclosed Head of GRC [conf 80],SMALL FIRM — No publicly disclosed CFO [conf 80],SMALL FIRM — No publicly disclosed CRO [conf 80],SMALL FIRM — No publicly disclosed Head of Compliance [conf 80],SMALL FIRM — No publicly disclosed CIO [conf 80],SMALL FIRM — No publicly disclosed Head of Internal Audit [conf 80]
,3,MSBs,GrabPay Malaysia Sdn Bhd,"SHARES PARENT — Cybersecurity managed at Grab Holdings Group level (Singapore HQ) [Official: grab.com, conf 85]","SHARES PARENT — GRC managed at Grab Holdings Group level [Official: grab.com, conf 85]","Peter Oey (Group CFO, Grab Holdings) [Wikipedia/Grab Holdings, conf 75 - Singapore HQ group-level, no Malaysia-specific CFO published] [INHERITED from Grab Holdings Group - parent]","SHARES PARENT — Risk managed at Grab Holdings Group level [Official: grab.com, conf 85]","SHARES PARENT — Compliance managed at Grab Holdings Group level [Official: grab.com, conf 85]","Suthen Thomas Paradatheth (Group CTO, Grab Holdings) [Wikipedia/Grab Holdings, conf 75 - Singapore HQ group-level, no Malaysia-specific CTO published] [INHERITED from Grab Holdings Group - parent]","SHARES PARENT — Internal Audit managed at Grab Holdings Group level [Official: grab.com, conf 85]"
,3,MSBs,I.Destinasi Sdn Bhd (IDSB),SMALL FIRM — No publicly disclosed CISO [conf 80],SMALL FIRM — No publicly disclosed Head of GRC [conf 80],SMALL FIRM — No publicly disclosed CFO [conf 80],SMALL FIRM — No publicly disclosed CRO [conf 80],SMALL FIRM — No publicly disclosed Head of Compliance [conf 80],SMALL FIRM — No publicly disclosed CIO [conf 80],SMALL FIRM — No publicly disclosed Head of Internal Audit [conf 80]
,3,MSBs,Instarem Sdn Bhd,"SHARES PARENT — Cybersecurity managed at Nium global level [Official: nium.com/about-us, conf 90]","SHARES PARENT — GRC managed at Nium global level (Amaresh Mohan, Chief Risk and Compliance Officer) [Official: nium.com, conf 90]","Andre Mancl (Chief Financial Officer, Nium global) [Official: nium.com/about-us, conf 95]","Amaresh Mohan (Chief Risk and Compliance Officer, Nium global) [Official: nium.com/about-us, conf 95]","Amaresh Mohan (Chief Risk and Compliance Officer, Nium global) [Official: nium.com/about-us, conf 95]","Sekhar Cidambi (Chief Technology Officer, Nium global) [Official: nium.com/about-us, conf 95]","SHARES PARENT — Internal Audit managed at Nium global level [Official: nium.com, conf 90]"
,3,MSBs,Money Match Sdn Bhd,"Poorya (Chief Information & Security Officer) [Official: moneymatch.co/about-us, conf 90 - note: first name only displayed]",SMALL FIRM — No publicly disclosed Head of GRC [conf 80],"Anees Aisyah (Chief Financial Officer) [Official: moneymatch.co/about-us, conf 92]",SMALL FIRM — No publicly disclosed CRO [conf 80],"Thavalogan (Head of Compliance) [Official: moneymatch.co/about-us, conf 88 - note: first name only displayed]","Jerry Chee (Chief Technology Officer) [Official: moneymatch.co/about-us, conf 92]",SMALL FIRM — No publicly disclosed Head of Internal Audit [conf 80]
,3,MSBs,SenangPay Sdn Bhd,SHARES PARENT — SenangPay acquired by DOKU (2022); cybersecurity managed at DOKU group level [conf 80],SHARES PARENT — No dedicated GRC; managed at DOKU group level [conf 80],"Mohd Mutalib (VP Finance and Account) [LinkedIn, conf 70] [senangPay is now a DOKU Company (acquired 2022)]",SHARES PARENT — No dedicated CRO; managed at DOKU group level [conf 80],SHARES PARENT — No dedicated Compliance Head; managed at DOKU group level [conf 80],SHARES PARENT — No dedicated CIO; IT managed at DOKU group level [conf 80],SHARES PARENT — No dedicated Internal Audit Head; managed at DOKU group level [conf 80]
,3,MSBs,Touch n Go eWallet Sdn Bhd,Suresh Balachandran,Dunstan Gerald Maurice,Lai Mee Fong,Dunstan Gerald Maurice,Dunstan Gerald Maurice,Desmond Chin Ye Foong,Hairul Imran
,3,MSBs,ToyyibPay Sdn Bhd,SMALL FIRM — No publicly disclosed CISO [conf 80],SMALL FIRM — No publicly disclosed Head of GRC [conf 80],SMALL FIRM — No publicly disclosed CFO [conf 80],SMALL FIRM — No publicly disclosed CRO [conf 80],SMALL FIRM — No publicly disclosed Head of Compliance [conf 80],SMALL FIRM — No publicly disclosed CIO [conf 80],SMALL FIRM — No publicly disclosed Head of Internal Audit [conf 80]
,3,MSBs,Wallex Sdn Bhd,"SHARES PARENT — Cybersecurity managed at M-DAQ Global/Wallex group level [Official: wallex.asia, conf 80]","SHARES PARENT — GRC managed at M-DAQ Global group level [Official: wallex.asia, conf 80]","SHARES PARENT — No dedicated CFO for Malaysia entity; managed at M-DAQ Global group level [Official: wallex.asia, conf 80]","SHARES PARENT — No dedicated CRO for Malaysia entity; managed at M-DAQ Global group level [Official: wallex.asia, conf 80]","Dee Patria Adithana, GRCP (Legal & Compliance Counsel, M-DAQ Global - parent) [Official: wallex.asia/en-sg/about-us + LinkedIn id.linkedin.com/in/dee-patria-adithana, conf 80 - Indonesia-based, inherited to Wallex Malaysia entity. Wallex.com DNS-fails; correct domain wallex.asia. M-DAQ HQ Singapore, PJ Malaysia office.]","SHARES PARENT — No dedicated CIO for Malaysia entity; IT managed at M-DAQ Global group level [Official: wallex.asia, conf 80]","SHARES PARENT — No dedicated Internal Audit Head for Malaysia entity [Official: wallex.asia, conf 80]"
,3,MSBs,Wise (formerly TransferWise) Malaysia Sdn Bhd,"SHARES PARENT — Cybersecurity managed at Wise Plc global level [Official: wise.com/governance, conf 85]","Jessica Winter (Chief Legal Officer / General Counsel, Wise Plc global) [Official: owners.wise.com/governance/leadership-team, conf 65 - General Counsel at UK fintechs typically oversees governance, risk, and compliance coordination; Wise Malaysia subsidiary inherits from parent]","Emmanuel Thomassin (Chief Financial Officer, Wise Plc global) [Official: owners.wise.com/governance/leadership-team, conf 95]","SHARES PARENT — No dedicated CRO for Malaysia entity; risk managed at Wise Plc global level [Official: owners.wise.com, conf 85]","Nita Patel (Group Chief Compliance Officer, Wise Plc global) [Official: owners.wise.com/governance/leadership-team, conf 95]","Harsh Sinha (Chief Technology Officer, Wise Plc global) [Official: owners.wise.com/governance/leadership-team, conf 95]","SHARES PARENT — No dedicated Internal Audit Head for Malaysia entity; IA managed at Wise Plc global level [Official: owners.wise.com, conf 85]"
,3,MSBs,Xendit Technologies (Malaysia) Sdn Bhd,"SHARES PARENT — Cybersecurity managed at Xendit group level (Indonesia HQ) [Official: xendit.co, conf 80]","SHARES PARENT — GRC managed at Xendit group level [Official: xendit.co, conf 80]","SHARES PARENT — No dedicated CFO for Malaysia entity; managed at Xendit group level [Official: xendit.co, conf 80]","SHARES PARENT — No dedicated CRO for Malaysia entity; managed at Xendit group level [Official: xendit.co, conf 80]","SHARES PARENT — No dedicated Compliance Head for Malaysia entity [Official: xendit.co, conf 80]","Bo Chen (Chief Technology Officer, Xendit - parent) [Official: xendit.co/en/company/, conf 80 - inherited to Malaysia entity. Xendit acquired Payex (BNM-licensed) 2023, full acquisition 2025. Malaysia Country Manager: Jayson Poon (official press release Oct 2025, conf 98, non-target). GM Malaysia: Jason Siew (press release Sep 2025, conf 98, non-target). Parent CEO: Moses Lo, COO: Tessa Wijaya (non-target).]","SHARES PARENT — No dedicated Internal Audit Head for Malaysia entity [Official: xendit.co, conf 80]"
,3,MSBs,iPay88 (Malaysia) Sdn Bhd,Alex Wah,SHARES PARENT — GRC managed at iPay88 group level [conf 80],SHARES PARENT — No dedicated CFO for Malaysia entity; managed at iPay88 group level [conf 80],SHARES PARENT — No dedicated CRO for Malaysia entity [conf 80],SHARES PARENT — No dedicated Compliance Head for Malaysia entity [conf 80],SHARES PARENT — No dedicated CIO for Malaysia entity; IT managed at iPay88 group level [conf 80],SHARES PARENT — No dedicated Internal Audit Head for Malaysia entity [conf 80]
,4,Card Schemes,AmBank AirAsia Visa Card,"SHARES PARENT — No dedicated CISO; cybersecurity managed at AmBank Group level (Malini Kanesamoorthy, Group CISO) [Source: ambankgroup.com, conf 85]",Shamsul Bahrom (Group CRO) + Faradina Ghouse (Group CCO) [Group-level: AmBank],"SHARES PARENT — No dedicated CFO for card product; financial management at AmBank Group level (Phuah Shok Cheng, Group CFO) [Source: ambankgroup.com, conf 85]","SHARES PARENT — No dedicated CRO; risk managed at AmBank Group level (Shamsul Bahrom, Group CRO) [Source: ambankgroup.com, conf 85]","SHARES PARENT — No dedicated Compliance Head; managed at AmBank Group level (Faradina Ghouse, Group CCO) [Source: ambankgroup.com, conf 85]","SHARES PARENT — No dedicated CIO; IT managed at AmBank Group level (Wong Eng Teng, Group CTO) [Source: ambankgroup.com, conf 85]","SHARES PARENT — No dedicated IA Head; managed at AmBank Group level (Ng Ek Leong, Group Chief Internal Auditor) [Source: ambankgroup.com, conf 85]"
,4,Card Schemes,CIMB Petronas Visa Card,Charles Samuel (Group CISO) [INHERITED from CIMB Bank Berhad - product brand governance],Kwan Keen Yew (Group Chief Integrity & Governance Officer) [INHERITED from CIMB Bank Berhad - product brand governance],Khairul Rifaie (Group Chief Financial & Strategy Officer) [INHERITED from CIMB Bank Berhad - product brand governance],Vera Handajani (Group CRO) [INHERITED from CIMB Bank Berhad - product brand governance],Kwan Keen Yew (Group Chief Legal & Compliance Officer) [INHERITED from CIMB Bank Berhad - product brand governance],Ros Aziah Mohd Yusoff (Group CTO) [INHERITED from CIMB Bank Berhad - product brand governance],Amran Mohamad (Group Chief Internal Auditor) [INHERITED from CIMB Bank Berhad - product brand governance]
,4,Card Schemes,Hong Leong Bank AirMiles Card,"Dr. Simon Hoh (CISO) [TheOrg: theorg.com/org/hong-leong-bank/org-chart/dr-simon-hoh, conf 65] [INHERITED from Hong Leong Bank Berhad - product brand governance]",Justin Soong (CRO) + Jack Babani (Compliance) [Group-level composite] [INHERITED from Hong Leong Bank Berhad - product brand governance],Malkit Singh (CFO) [The Org - unverified] [INHERITED from Hong Leong Bank Berhad - product brand governance],Justin Soong (Group CRO) [RocketReach] [INHERITED from Hong Leong Bank Berhad - product brand governance],Jack Babani (CCO) [The Org - unverified] [INHERITED from Hong Leong Bank Berhad - product brand governance],William Streitberg (Chief Info & Tech Officer) [The Org] [INHERITED from Hong Leong Bank Berhad - product brand governance],Chua Yew Lim (Chief Internal Auditor) [Official CG Report] [INHERITED from Hong Leong Bank Berhad - product brand governance]
,4,Card Schemes,Maybank Cash & Go Prepaid Card,Devinder Singh (Group CISO) [LinkedIn/The Org] [INHERITED from Maybank Berhad - product brand governance],Mohamed Rezwan Abdullah Ismail (Group CRO) + Inn Yiow (Group CCO) [Group-level: Maybank] [INHERITED from Maybank Berhad - product brand governance],Shafiq Abdul Jabbar [INHERITED from Maybank Berhad - product brand governance],Mohamed Rezwan Abdullah Ismail [INHERITED from Maybank Berhad - product brand governance],Inn Yiow (Group Chief Compliance Officer) [RocketReach/ZoomInfo] [INHERITED from Maybank Berhad - product brand governance],Giorgio Migliarina (Group Chief Technology & Digital Officer) [INHERITED from Maybank Berhad - product brand governance],Azian Ismail (Chief Audit Executive) [TheOrg] [INHERITED from Maybank Berhad - product brand governance]
,4,Card Schemes,Maybank Singapore Airlines Enrich Card,Devinder Singh (Group CISO) [LinkedIn/The Org] [INHERITED from Maybank Berhad - product brand governance],Mohamed Rezwan Abdullah Ismail (Group CRO) + Inn Yiow (Group CCO) [Group-level: Maybank] [INHERITED from Maybank Berhad - product brand governance],Shafiq Abdul Jabbar [INHERITED from Maybank Berhad - product brand governance],Mohamed Rezwan Abdullah Ismail [INHERITED from Maybank Berhad - product brand governance],Inn Yiow (Group Chief Compliance Officer) [RocketReach/ZoomInfo] [INHERITED from Maybank Berhad - product brand governance],Giorgio Migliarina (Group Chief Technology & Digital Officer) [INHERITED from Maybank Berhad - product brand governance],Azian Ismail (Chief Audit Executive) [TheOrg] [INHERITED from Maybank Berhad - product brand governance]
,4,Card Schemes,PayNet Card (by PayNet),"Meling Mudin (Chief Information Security Officer, PayNet group) [Inherited from PayNet parent per v5.5 leadership-inheritance precedent. Source: Star Cybersecurity Summit 2025 speaker page + LinkedIn + ZoomInfo; conf 95]","Not publicly disclosed on PayNet leadership page [Official: paynet.my/about-us/corporate-profile/leadership.html — as of Jul 2026, conf 40]","Tan Wei Tze (Chief Financial Officer, PayNet) [PayNet leadership - PayNet Card = PayNet ""MyDebit"" domestic debit card scheme, inherited, conf 85]","Not publicly disclosed on PayNet leadership page [Official: paynet.my/about-us/corporate-profile/leadership.html — as of Jul 2026, conf 40]","Not publicly disclosed on PayNet leadership page [Official: paynet.my/about-us/corporate-profile/leadership.html — as of Jul 2026, conf 40]","Teh Lip Guan (Chief Technology Officer, PayNet) [PayNet leadership - PayNet Card = PayNet ""MyDebit"" domestic debit card scheme, inherited, conf 85]","Not publicly disclosed on PayNet leadership page [Official: paynet.my/about-us/corporate-profile/leadership.html — as of Jul 2026, conf 40]"
,4,Card Schemes,RHB Shell Visa Card,Soon Yap (CISO) [LinkedIn] [INHERITED from RHB Bank Berhad - product brand governance],Azman Shah Md Yaman (Group Chief Legal & Governance Officer) [INHERITED from RHB Bank Berhad - product brand governance],Mohamed Bin Rastam Shahrom (Group CFO) [INHERITED from RHB Bank Berhad - product brand governance],Dr Chong Han Hwee (Group CRO) [INHERITED from RHB Bank Berhad - product brand governance],Fazlina Mohamed Ghazalli (Group CCO) [INHERITED from RHB Bank Berhad - product brand governance],Wong Kwang Leh (Group CTO) [INHERITED from RHB Bank Berhad - product brand governance],Tan Boon Ching (Group Chief Internal Auditor) [INHERITED from RHB Bank Berhad - product brand governance]
,4,Card Schemes,Standard Chartered Shopee Visa Card,"Sivanathan Subramaniam (CISO Malaysia) [LinkedIn: linkedin.com/posts/sivanathansubramaniam, conf 75] [INHERITED from Standard Chartered Bank Malaysia - product brand governance]",Ong Gaik Ean (CRO) + Irene Tan (Compliance) [Group-level composite] [INHERITED from Standard Chartered Bank Malaysia - product brand governance],Mushahid Syed (Interim CEO & CFO) [INHERITED from Standard Chartered Bank Malaysia - product brand governance],Ong Gaik Ean (CRO) [INHERITED from Standard Chartered Bank Malaysia - product brand governance],Irene Tan (Chief Compliance Officer) [INHERITED from Standard Chartered Bank Malaysia - product brand governance],Joy Chowdhury (Chief Technology & Operations Officer) [INHERITED from Standard Chartered Bank Malaysia - product brand governance],Praveen Sankaranarayan (Head of Audit) [INHERITED from Standard Chartered Bank Malaysia - product brand governance]
,4,Card Schemes,Touch n Go Visa Prepaid Card,Suresh Balachandran|Chief Information Security Officer|85|https://ciosea.economictimes.indiatimes.com/news/security/know-your-ciso-suresh-balachandran/109493799|CISO and Director at Touch 'n Go Group [ETCIOSEA article Apr 2024 + ZoomInfo confirmed. 15+ years cybersecurity experience],"Dunstan Gerald Maurice|Chief Risk, Compliance & Governance Officer|95|https://www.touchngo.com.my/about-us/leadership/|Combined CRO/Compliance/GRC role [INHERITED from TNG Digital Sdn Bhd - product brand governance]",Lai Mee Fong|Chief Financial Officer|95|https://www.touchngo.com.my/about-us/leadership/|TNG Digital CFO [INHERITED from TNG Digital Sdn Bhd - product brand governance],"Dunstan Gerald Maurice|Chief Risk, Compliance & Governance Officer|95|https://www.touchngo.com.my/about-us/leadership/|Combined CRO/Compliance/GRC role [INHERITED from TNG Digital Sdn Bhd - product brand governance]","Dunstan Gerald Maurice|Chief Risk, Compliance & Governance Officer|95|https://www.touchngo.com.my/about-us/leadership/|Combined CRO/Compliance/GRC role [INHERITED from TNG Digital Sdn Bhd - product brand governance]",Desmond Chin Ye Foong|Chief Technology Officer|95|https://www.touchngo.com.my/about-us/leadership/|TNG Digital CTO (maps to CIO/CTO role) [INHERITED from TNG Digital Sdn Bhd - product brand governance],"Hairul Imran|Director, Internal Audit|80|https://my.linkedin.com/in/hairulimran|TNG Digital Director of Internal Audit [LinkedIn confirmed]"
,4,Card Schemes,UOB Lazada Visa Card,"Tobias Gondrom (Group CISO, UOB Group) [Web search, conf 75] [INHERITED from UOB Malaysia Berhad - product brand governance]",Tan Tii Lam (CRO) + Loke Chee Keen Daniel (Compliance) [Group-level composite] [INHERITED from UOB Malaysia Berhad - product brand governance],Chang Yeong Gung (CFO) [INHERITED from UOB Malaysia Berhad - product brand governance],Tan Tii Lam (CRO) [INHERITED from UOB Malaysia Berhad - product brand governance],Loke Chee Keen Daniel (Head Compliance) [INHERITED from UOB Malaysia Berhad - product brand governance],Mohamad Fazli Bin Mohamad Sarujee (Head Technology & Operations) [INHERITED from UOB Malaysia Berhad - product brand governance],Wong See Hong Bill (Head Internal Audit) [INHERITED from UOB Malaysia Berhad - product brand governance]
,4,E-Money,AEON Wallet (AEON Credit),"SHARES PARENT — No dedicated CISO; cybersecurity managed at AEON Credit level [Official: aeoncredit.com.my, conf 80]","SHARES PARENT — No dedicated GRC; managed at AEON Credit level [Official: aeoncredit.com.my, conf 80]","SHARES PARENT — No dedicated CFO for e-wallet; managed at AEON Credit level [Official: aeoncredit.com.my, conf 80]","SHARES PARENT — No dedicated CRO; managed at AEON Credit level [Official: aeoncredit.com.my, conf 80]","SHARES PARENT — No dedicated Compliance Head; managed at AEON Credit level [Official: aeoncredit.com.my, conf 80]","Lee Tyan Jen (Executive Director & Deputy CEO, oversees IT Division) [Official: aeoncredit.com.my/about-us/leadership, 2026-07-26]","SHARES PARENT — No dedicated IA Head; managed at AEON Credit level [Official: aeoncredit.com.my, conf 80]"
,4,E-Money,Alipay+ Malaysia (Ant Group),"SHARES PARENT — Cybersecurity managed at Ant Group global level [Official: antgroup.com, conf 85]","SHARES PARENT — GRC managed at Ant Group global level [Official: antgroup.com, conf 85]","SHARES PARENT — No dedicated CFO for Malaysia; managed at Ant Group level [Official: antgroup.com, conf 85]","SHARES PARENT — No dedicated CRO for Malaysia; managed at Ant Group level [Official: antgroup.com, conf 85]","SHARES PARENT — No dedicated Compliance Head for Malaysia; managed at Ant Group level [Official: antgroup.com, conf 85]","SHARES PARENT — No dedicated CIO for Malaysia; IT at Ant Group level [Official: antgroup.com, conf 85]","SHARES PARENT — No dedicated IA Head for Malaysia; managed at Ant Group level [Official: antgroup.com, conf 85]"
,4,E-Money,Axiata Digital Services Sdn Bhd (Boost),Shankar Krishnan|Chief Information Security Officer|85|https://my.linkedin.com/in/shankyk|CISO Axiata Digital group/Boost [LinkedIn + theorg.com confirmed. Also CTO at Boost Bank],"Abid Abdul Adam (Group Chief Risk and Compliance Officer, Axiata Group) [Official: axiata.com/about-us/our-people, conf 85 - GRC inherited from Axiata Group parent]","Komathi Balakrishnan (Acting Group CFO, Axiata Group) [Official: axiata.com/about-us/our-people, conf 90 - inherited from Axiata Group parent]","Abid Abdul Adam (Group Chief Risk and Compliance Officer, Axiata Group) [Official: axiata.com/about-us/our-people, conf 90 - inherited from Axiata Group parent]","Abid Abdul Adam (Group Chief Risk and Compliance Officer, Axiata Group) [Official: axiata.com/about-us/our-people, conf 90 - inherited from Axiata Group parent]","Thomas Hundt (Group Chief Business and Technology Officer, Axiata Group) [Official: axiata.com/about-us/our-people, conf 90 - inherited from Axiata Group parent]",Miraz Ahmed|Head of Internal Audit|80|https://my.linkedin.com/in/miraz-ahmed-76b20219|Head of Internal Audit at Boost Holding Sdn Bhd [LinkedIn confirmed. ~20 years telco/tower infrastructure audit experience in Bangladesh & Malaysia]
,4,E-Money,BigPay (Capital A),"SHARES PARENT — Cybersecurity managed at BigPay/Capital A group level [Source: theorg.com/org/bigpay, conf 75]","SHARES PARENT — GRC managed at BigPay group level [Source: theorg.com/org/bigpay, conf 75]",Mun Hui Teh,"SHARES PARENT — Risk managed at BigPay group level [Source: theorg.com/org/bigpay, conf 75]","SHARES PARENT — Compliance managed at BigPay group level [Source: theorg.com/org/bigpay, conf 75]","SHARES PARENT — IT managed at BigPay group level [Source: theorg.com/org/bigpay, conf 75]","SHARES PARENT — IA managed at BigPay group level [Source: theorg.com/org/bigpay, conf 75]"
,4,E-Money,Boost (Axiata + RHB),Shankar Krishnan,Abid Abdul Adam,Steven Lim,Puteri Syurga,Dr Mohanamerry Vedamanikam,Shankar Krishnan,Miraz Ahmed
,4,E-Money,CIMB OctoPay (CIMB Bank),Charles Samuel (Group CISO) [INHERITED from CIMB Bank Berhad - product brand governance],Kwan Keen Yew (Group Chief Integrity & Governance Officer) [INHERITED from CIMB Bank Berhad - product brand governance],Khairul Rifaie (Group Chief Financial & Strategy Officer) [INHERITED from CIMB Bank Berhad - product brand governance],Vera Handajani (Group CRO) [INHERITED from CIMB Bank Berhad - product brand governance],Kwan Keen Yew (Group Chief Legal & Compliance Officer) [INHERITED from CIMB Bank Berhad - product brand governance],Ros Aziah Mohd Yusoff (Group CTO) [INHERITED from CIMB Bank Berhad - product brand governance],Amran Mohamad (Group Chief Internal Auditor) [INHERITED from CIMB Bank Berhad - product brand governance]
,4,E-Money,GrabPay (Grab Malaysia),"SHARES PARENT — Cybersecurity managed at Grab Holdings Group level [Official: grab.com, conf 85]","SHARES PARENT — GRC managed at Grab Holdings Group level [Official: grab.com, conf 85]",Peter Oey,"SHARES PARENT — Risk managed at Grab Holdings Group level [Official: grab.com, conf 85]","SHARES PARENT — Compliance managed at Grab Holdings Group level [Official: grab.com, conf 85]",Suthen Thomas Paradatheth,"SHARES PARENT — IA managed at Grab Holdings Group level [Official: grab.com, conf 85]"
,4,E-Money,MAE by Maybank (Maybank Islamic),Devinder Singh (Group CISO) [Group-level: Maybank] [INHERITED from Maybank Islamic Berhad - product brand governance],Mohamed Rezwan Abdullah Ismail (Group CRO) [Group-level: Maybank] [INHERITED from Maybank Islamic Berhad - product brand governance],Shafiq Abdul Jabbar (Group CFO) [Group-level: Maybank] [INHERITED from Maybank Islamic Berhad - product brand governance],Mohamed Rezwan Abdullah Ismail (Group CRO) [Group-level: Maybank] [INHERITED from Maybank Islamic Berhad - product brand governance],Inn Yiow (Group Chief Compliance Officer) [Group-level: Maybank] [INHERITED from Maybank Islamic Berhad - product brand governance],Giorgio Migliarina (Group Chief Technology & Digital Officer) [Group-level: Maybank] [INHERITED from Maybank Islamic Berhad - product brand governance],"Malique Firdauz Ahmad Sidique (Group Chief Audit Executive, Maybank Group) [Official: freemalaysiatoday.com, conf 85 - Group-level, effective Oct 2025] [INHERITED from Maybank Islamic Berhad - product brand governance]"
,4,E-Money,MAE by Maybank (Maybank2u),Devinder Singh (Group CISO) [LinkedIn/The Org] [INHERITED from Maybank Berhad - product brand governance],Mohamed Rezwan Abdullah Ismail (Group CRO) + Inn Yiow (Group CCO) [Group-level: Maybank] [INHERITED from Maybank Berhad - product brand governance],Shafiq Abdul Jabbar [INHERITED from Maybank Berhad - product brand governance],Mohamed Rezwan Abdullah Ismail [INHERITED from Maybank Berhad - product brand governance],Inn Yiow (Group Chief Compliance Officer) [RocketReach/ZoomInfo] [INHERITED from Maybank Berhad - product brand governance],Giorgio Migliarina (Group Chief Technology & Digital Officer) [INHERITED from Maybank Berhad - product brand governance],Azian Ismail (Chief Audit Executive) [TheOrg] [INHERITED from Maybank Berhad - product brand governance]
,4,E-Money,Setel (PETRONAS Dagangan),"SHARES PARENT — Cybersecurity managed at PETRONAS Dagangan level (Rahayu Ramli, CISO) [Official: mymesra.com.my, conf 80]",Fazni Ismail,Mazlie Minhat,"SHARES PARENT — No dedicated CRO for Setel; risk managed at PETRONAS Dagangan level [Official: mymesra.com.my, conf 80]",Fazni Ismail,Sazlina Ahamad,Nik Fariza Nik Hamdan
,4,E-Money,Setel by PETRONAS Dagangan Berhad,"Rahayu Ramli|Chief Information Security Officer|80|https://www.linkedin.com/posts/petronas_people-of-petronas-rahayu-ramli-activity-7178936337465581569-in_n|Leads Cyber Strategy & Architecture at PETRONAS Digital Sdn Bhd and serves as CISO at Setel. [PETRONAS LinkedIn official posts, conf 80]","Fazni Ismail (General Counsel, Legal Retail) [Official: mymesra.com.my/about-us/leadership-team, conf 60 - General Counsel functionally covers GRC umbrella; same person as Head of Compliance]","Mazlie Minhat (Chief Financial Officer, PETRONAS Dagangan Berhad - parent) [Official: mymesra.com.my/about-us/leadership-team, conf 80 - inherited to Setel Ventures Sdn Bhd. Appointed Jan 2026 to Setel board.]","SHARES PARENT — No dedicated CRO for Setel; risk managed at PETRONAS Dagangan Berhad level [Official: mymesra.com.my, conf 80]","Fazni Ismail (General Counsel, Legal Retail) [Official: mymesra.com.my/about-us/leadership-team, conf 65 - General Counsel in PETRONAS group entities typically oversees compliance; Setel Ventures Sdn Bhd governed by PDB parent executives]","Sazlina Ahamad (Chief Technology Officer, PETRONAS Dagangan Berhad - parent) [Official: mymesra.com.my/about-us/leadership-team, conf 80 - inherited to Setel.]","Nik Fariza Nik Hamdan (Chief Audit Executive, PETRONAS Dagangan Berhad - parent) [Official: mymesra.com.my/about-us/leadership-team, conf 80 - inherited to Setel.]"
,4,E-Money,ShopeePay (Monee Malaysia),"SHARES PARENT — Cybersecurity managed at Sea Limited group level [Official: sea.com, conf 80]","SHARES PARENT — GRC managed at Sea Limited group level [Official: sea.com, conf 80]",Tony Hou,"SHARES PARENT — Risk managed at Sea Limited group level [Official: sea.com, conf 80]",Fadhli Azman,"SHARES PARENT — IT managed at Sea Limited group level [Official: sea.com, conf 80]","SHARES PARENT — IA managed at Sea Limited group level [Official: sea.com, conf 80]"
,4,E-Money,ShopeePay Malaysia Sdn Bhd,"SHARES PARENT — Cybersecurity managed at Sea Limited group level [Official: sea.com, conf 80]","SHARES PARENT — GRC managed at Sea Limited group level [Official: sea.com, conf 80]","Tony Hou (Chief Financial Officer, Sea Limited - parent) [Official: sea.com/aboutus/leadership, conf 80 - inherited to ShopeePay Malaysia. ShopeePay = Monee (formerly SeaMoney, rebranded May 2025) digital financial services arm of Sea Limited. Malaysia Head: Alain Yee (Head of ShopeePay Malaysia + President AEMI 2026/27-2027/28, LinkedIn linkedin.com/company/shopeepay, conf 85, non-target). No MY-specific CISO/CRO/CTO/Compliance/IA/GRC found.]","SHARES PARENT — Risk managed at Sea Limited group level [Official: sea.com, conf 80]",Fadhli Azman|Head of Compliance|85|https://my.linkedin.com/in/fadhli-azman-150273b9|Head of Compliance ShopeePay/Monee Malaysia [LinkedIn confirmed],"SHARES PARENT — IT managed at Sea Limited group level [Official: sea.com, conf 80]","SHARES PARENT — IA managed at Sea Limited group level [Official: sea.com, conf 80]"
,4,E-Money,TNG Digital Sdn Bhd,Suresh Balachandran|Chief Information Security Officer|85|https://ciosea.economictimes.indiatimes.com/news/security/know-your-ciso-suresh-balachandran/109493799|CISO and Director at Touch 'n Go Group [ETCIOSEA article Apr 2024 + ZoomInfo confirmed. 15+ years cybersecurity experience],"Dunstan Gerald Maurice|Chief Risk, Compliance & Governance Officer|95|https://www.touchngo.com.my/about-us/leadership/|Combined CRO/Compliance/GRC role",Lai Mee Fong|Chief Financial Officer|95|https://www.touchngo.com.my/about-us/leadership/|TNG Digital CFO,"Dunstan Gerald Maurice|Chief Risk, Compliance & Governance Officer|95|https://www.touchngo.com.my/about-us/leadership/|Combined CRO/Compliance/GRC role","Dunstan Gerald Maurice|Chief Risk, Compliance & Governance Officer|95|https://www.touchngo.com.my/about-us/leadership/|Combined CRO/Compliance/GRC role",Desmond Chin Ye Foong|Chief Technology Officer|95|https://www.touchngo.com.my/about-us/leadership/|TNG Digital CTO (maps to CIO/CTO role),"Hairul Imran|Director, Internal Audit|80|https://my.linkedin.com/in/hairulimran|TNG Digital Director of Internal Audit [LinkedIn confirmed]"
,4,E-Money,Touch 'n Go eWallet (TNG Digital Sdn Bhd),Suresh Balachandran,Dunstan Gerald Maurice,Lai Mee Fong,Dunstan Gerald Maurice,Dunstan Gerald Maurice,Desmond Chin Ye Foong,Hairul Imran
,4,E-Money,WeChat Pay Malaysia (Tencent),"SHARES PARENT — Cybersecurity managed at Tencent global level [Official: weixin.qq.com, conf 85]","SHARES PARENT — GRC managed at Tencent global level [Official: weixin.qq.com, conf 85]","SHARES PARENT — No dedicated CFO for Malaysia; managed at Tencent level [Official: weixin.qq.com, conf 85]","SHARES PARENT — No dedicated CRO for Malaysia; managed at Tencent level [Official: weixin.qq.com, conf 85]","SHARES PARENT — No dedicated Compliance Head for Malaysia [Official: weixin.qq.com, conf 85]","SHARES PARENT — IT managed at Tencent global level [Official: weixin.qq.com, conf 85]","SHARES PARENT — IA managed at Tencent global level [Official: weixin.qq.com, conf 85]"
,4,E-Money,WeChat Pay Malaysia Sdn Bhd,"SHARES PARENT — Cybersecurity managed at Tencent global level [Official: weixin.qq.com, conf 85]","SHARES PARENT — GRC managed at Tencent global level [Official: weixin.qq.com, conf 85]","SHARES PARENT — No dedicated CFO for Malaysia; managed at Tencent level [Official: weixin.qq.com, conf 85]","SHARES PARENT — No dedicated CRO for Malaysia; managed at Tencent level [Official: weixin.qq.com, conf 85]","SHARES PARENT — No dedicated Compliance Head for Malaysia [Official: weixin.qq.com, conf 85]","SHARES PARENT — IT managed at Tencent global level [Official: weixin.qq.com, conf 85]","SHARES PARENT — IA managed at Tencent global level [Official: weixin.qq.com, conf 85]"
,4,Payment Operators,CIMB Clicks Pay,"SHARES PARENT — Cybersecurity managed at CIMB Group level (Charles Samuel, Group CISO) [Source: cimb.com, conf 85]",Kwan Keen Yew (Group Chief Legal & Compliance Officer; Group Chief Integrity & Governance Officer) [Source: cimb.com/en/who-we-are/leadership/senior-management-team.html],Khairul Rifaie (Group CFO & Strategy Officer) [Source: cimb.com/en/who-we-are/leadership/senior-management-team.html],"SHARES PARENT — Risk managed at CIMB Group level (Vera Handajani, Group CRO) [Source: cimb.com, conf 85]",Kwan Keen Yew (Group Chief Legal & Compliance Officer) [Source: cimb.com/en/who-we-are/leadership/senior-management-team.html],Ros Aziah Mohd Yusoff (Group CTO) [Source: cimb.com/en/who-we-are/leadership/senior-management-team.html],"SHARES PARENT — IA managed at CIMB Group level (Amran Mohamad, Group Chief Internal Auditor) [Source: cimb.com, conf 85]"
,4,Payment Operators,DuitNow (by PayNet),"Meling Mudin (Chief Information Security Officer, PayNet group) [Inherited from PayNet parent per v5.5 leadership-inheritance precedent. Source: Star Cybersecurity Summit 2025 speaker page + LinkedIn + ZoomInfo; conf 95]","Not publicly disclosed on PayNet leadership page [Official: paynet.my/about-us/corporate-profile/leadership.html — as of Jul 2026, conf 40]","Tan Wei Tze (Chief Financial Officer, PayNet) [PayNet leadership - DuitNow is a PayNet product, inherited, conf 85]","Not publicly disclosed on PayNet leadership page [Official: paynet.my/about-us/corporate-profile/leadership.html — as of Jul 2026, conf 40]","Not publicly disclosed on PayNet leadership page [Official: paynet.my/about-us/corporate-profile/leadership.html — as of Jul 2026, conf 40]","Teh Lip Guan (Chief Technology Officer, PayNet) [PayNet leadership - DuitNow is a PayNet product, inherited, conf 85]","Not publicly disclosed on PayNet leadership page [Official: paynet.my/about-us/corporate-profile/leadership.html — as of Jul 2026, conf 40]"
,4,Payment Operators,FPX (by PayNet),"Meling Mudin (Chief Information Security Officer, PayNet group) [Inherited from PayNet parent per v5.5 leadership-inheritance precedent. Source: Star Cybersecurity Summit 2025 speaker page + LinkedIn + ZoomInfo; conf 95]","Not publicly disclosed on PayNet leadership page [Official: paynet.my/about-us/corporate-profile/leadership.html — as of Jul 2026, conf 40]","Tan Wei Tze (Chief Financial Officer, PayNet) [PayNet leadership - FPX is a PayNet product, inherited, conf 85]","Not publicly disclosed on PayNet leadership page [Official: paynet.my/about-us/corporate-profile/leadership.html — as of Jul 2026, conf 40]","Not publicly disclosed on PayNet leadership page [Official: paynet.my/about-us/corporate-profile/leadership.html — as of Jul 2026, conf 40]","Teh Lip Guan (Chief Technology Officer, PayNet) [PayNet leadership - FPX is a PayNet product, inherited, conf 85]","Not publicly disclosed on PayNet leadership page [Official: paynet.my/about-us/corporate-profile/leadership.html — as of Jul 2026, conf 40]"
,4,Payment Operators,JomPAY (by PayNet),"Meling Mudin (Chief Information Security Officer, PayNet group) [Inherited from PayNet parent per v5.5 leadership-inheritance precedent. Source: Star Cybersecurity Summit 2025 speaker page + LinkedIn + ZoomInfo; conf 95]","Not publicly disclosed on PayNet leadership page [Official: paynet.my/about-us/corporate-profile/leadership.html — as of Jul 2026, conf 40]","Tan Wei Tze (Chief Financial Officer, PayNet) [PayNet leadership - JomPAY is a PayNet product, inherited, conf 85]","Not publicly disclosed on PayNet leadership page [Official: paynet.my/about-us/corporate-profile/leadership.html — as of Jul 2026, conf 40]","Not publicly disclosed on PayNet leadership page [Official: paynet.my/about-us/corporate-profile/leadership.html — as of Jul 2026, conf 40]","Teh Lip Guan (Chief Technology Officer, PayNet) [PayNet leadership - JomPAY is a PayNet product, inherited, conf 85]","Not publicly disclosed on PayNet leadership page [Official: paynet.my/about-us/corporate-profile/leadership.html — as of Jul 2026, conf 40]"
,4,Payment Operators,Maybank QRPay,"SHARES MAYBANK BANK BERHAD LEADERSHIP — product of Malayan Banking Berhad, not a separate legal entity — maybank2u.com.my","SHARES MAYBANK BANK BERHAD LEADERSHIP — product of Malayan Banking Berhad, not a separate legal entity — maybank2u.com.my","SHARES MAYBANK BANK BERHAD LEADERSHIP — product of Malayan Banking Berhad, not a separate legal entity — maybank2u.com.my","SHARES MAYBANK BANK BERHAD LEADERSHIP — product of Malayan Banking Berhad, not a separate legal entity — maybank2u.com.my","SHARES MAYBANK BANK BERHAD LEADERSHIP — product of Malayan Banking Berhad, not a separate legal entity — maybank2u.com.my","SHARES MAYBANK BANK BERHAD LEADERSHIP — product of Malayan Banking Berhad, not a separate legal entity — maybank2u.com.my","SHARES MAYBANK BANK BERHAD LEADERSHIP — product of Malayan Banking Berhad, not a separate legal entity — maybank2u.com.my"
,4,Payment Operators,Me2U (by PayNet),"Meling Mudin (Chief Information Security Officer, PayNet group) [Inherited from PayNet parent per v5.5 leadership-inheritance precedent. Source: Star Cybersecurity Summit 2025 speaker page + LinkedIn + ZoomInfo; conf 95]","Not publicly disclosed on PayNet leadership page [Official: paynet.my/about-us/corporate-profile/leadership.html — as of Jul 2026, conf 40]","Tan Wei Tze (Chief Financial Officer, PayNet) [PayNet leadership - Me2U is a PayNet product, inherited, conf 80 CAVEAT: Me2U not listed on official PayNet 10 named services; may be Maybank2u feature mislabeled.]","Not publicly disclosed on PayNet leadership page [Official: paynet.my/about-us/corporate-profile/leadership.html — as of Jul 2026, conf 40]","Not publicly disclosed on PayNet leadership page [Official: paynet.my/about-us/corporate-profile/leadership.html — as of Jul 2026, conf 40]","Teh Lip Guan (Chief Technology Officer, PayNet) [PayNet leadership - Me2U is a PayNet product, inherited, conf 80 CAVEAT: Me2U not listed on official PayNet 10 named services; may be Maybank2u feature mislabeled.]","Not publicly disclosed on PayNet leadership page [Official: paynet.my/about-us/corporate-profile/leadership.html — as of Jul 2026, conf 40]"
,4,Payment Operators,PayDirect (by PayNet),"Meling Mudin (Chief Information Security Officer, PayNet group) [Inherited from PayNet parent per v5.5 leadership-inheritance precedent. Source: Star Cybersecurity Summit 2025 speaker page + LinkedIn + ZoomInfo; conf 95]","Not publicly disclosed on PayNet leadership page [Official: paynet.my/about-us/corporate-profile/leadership.html — as of Jul 2026, conf 40]","Tan Wei Tze (Chief Financial Officer, PayNet) [PayNet leadership - PayDirect = PayNet ""DirectDebit"" service, inherited, conf 85]","Not publicly disclosed on PayNet leadership page [Official: paynet.my/about-us/corporate-profile/leadership.html — as of Jul 2026, conf 40]","Not publicly disclosed on PayNet leadership page [Official: paynet.my/about-us/corporate-profile/leadership.html — as of Jul 2026, conf 40]","Teh Lip Guan (Chief Technology Officer, PayNet) [PayNet leadership - PayDirect = PayNet ""DirectDebit"" service, inherited, conf 85]","Not publicly disclosed on PayNet leadership page [Official: paynet.my/about-us/corporate-profile/leadership.html — as of Jul 2026, conf 40]"
,4,Payment Operators,PayNet (PayNet Malaysia Sdn Bhd),"Meling Mudin (Chief Information Security Officer, Payments Network Malaysia Sdn. Bhd.) [Source: Star Cybersecurity Summit 2025 speaker page (conference.thestar.com.my/cybersecuritysummit/speaker/meling-mudin, May 2025) + LinkedIn (my.linkedin.com/in/spoonfork) + ZoomInfo + Datanyze; conf 95 — not on official leadership page but confirmed via 5 independent secondary sources including industry conference bio]","Not publicly disclosed on PayNet leadership page [Official: paynet.my/about-us/corporate-profile/leadership.html — as of Jul 2026, conf 40]","Tan Wei Tze (Chief Financial Officer) [Official: paynet.my/about-us/corporate-profile/leadership.html, conf 95] Confirmed Aug 2026 via official PayNet leadership page.]","Not publicly disclosed on PayNet leadership page [Official: paynet.my/about-us/corporate-profile/leadership.html — as of Jul 2026, conf 40]","Not publicly disclosed on PayNet leadership page [Official: paynet.my/about-us/corporate-profile/leadership.html — as of Jul 2026, conf 40]","Teh Lip Guan (Chief Technology Officer) [Official: paynet.my/about-us/corporate-profile/leadership.html, conf 95] Confirmed Aug 2026 via official PayNet leadership page.]","Not publicly disclosed on PayNet leadership page [Official: paynet.my/about-us/corporate-profile/leadership.html — as of Jul 2026, conf 40]"
,5,GLC-Linked,Agensi Jaminan Kredit Mikro (AKM),"SMALL FIRM — No publicly disclosed CISO [Official: akm.gov.my, conf 80]","SMALL FIRM — No publicly disclosed Head of GRC [Official: akm.gov.my, conf 80]","SMALL FIRM — No publicly disclosed CFO [Official: akm.gov.my, conf 80]","SMALL FIRM — No publicly disclosed CRO [Official: akm.gov.my, conf 80]","SMALL FIRM — No publicly disclosed Head of Compliance [Official: akm.gov.my, conf 80]","SMALL FIRM — No publicly disclosed CIO [Official: akm.gov.my, conf 80]","SMALL FIRM — No publicly disclosed Head of Internal Audit [Official: akm.gov.my, conf 80]"
,5,GLC-Linked,Amanah Saham Nasional Berhad (ASNB),"Aishah Farha Mohd Raih (CISO) [Official: ciosea.economictimes.indiatimes.com - Know Your CISO series, conf 90]",Mohd Azmir Mohd Jani (CRO) + Sahlawati Mustafa (Compliance) [Group-level composite],"Mohd Irwan Ahmad Mustafa (Group Chief Strategy and Finance Officer, PNB) [Official: pnb.com.my]","Mohd Azmir Mohd Jani (Group Chief Risk Officer, PNB) [Official: pnb.com.my]",Sahlawati Mustafa (Group Head of Compliance PNB) [Official: pnb.com.my],"Ts Izzat Aziz — Chief Technology Officer, PNB Group [Official: PNB Integrated Report 2024, pnb.com.my/en/leadership-en] | conf 90 | ASNB is ""Managed by PNB""; no separate ASNB CIO/CTO. Ts Izzat Aziz won PIKOM CIO of the Year Award for AI Adoption. Inherited from PNB Group.",Noramly Bachok (Group Head Internal Audit PNB) [Official: pnb.com.my]
,5,GLC-Linked,CIMB (Khazanah-linked),"Charles J. Samuel (Group CISO / Technology Risk Management) [ASIFMA: asifma.org/speakers/charles-j-samuel/; joined CIMB Jan 2019; 25yr Citigroup APAC, conf 90]",Vera Handajani (CRO) + Kwan Keen Yew (Compliance) [Group-level: CIMB],"Khairul Rifaie (Group Chief Financial and Strategy Officer, 7.5yrs tenure) [SimplyWall.st + Official: cimb.com]",Vera Handajani (Group CRO) [Group-level: CIMB],Kwan Keen Yew (Group Chief Legal and Compliance Officer) [Group-level: CIMB],"Ros Aziah Mohd Yusoff (Group Chief Technology and Data Officer, 5.9yrs tenure) [SimplyWall.st + Official: cimb.com]","Amran Mohamad (Group Chief Internal Auditor, 7.7yrs tenure) [SimplyWall.st]"
,5,GLC-Linked,Cradle Fund Sdn Bhd,"SMALL FIRM — No publicly disclosed CISO [Official: cradle.com.my, conf 80]","SMALL FIRM — No publicly disclosed Head of GRC [Official: cradle.com.my, conf 80]","SMALL FIRM — No publicly disclosed CFO [Official: cradle.com.my, conf 80]","SMALL FIRM — No publicly disclosed CRO [Official: cradle.com.my, conf 80]","SMALL FIRM — No publicly disclosed Head of Compliance [Official: cradle.com.my, conf 80]","SMALL FIRM — No publicly disclosed CIO [Official: cradle.com.my, conf 80]","SMALL FIRM — No publicly disclosed Head of Internal Audit [Official: cradle.com.my, conf 80]"
,5,GLC-Linked,Iskandar Waterfront City,"SMALL FIRM — No publicly disclosed CISO [Official: iwcity.com.my, conf 80]","SMALL FIRM — No publicly disclosed Head of GRC [Official: iwcity.com.my, conf 80]","SMALL FIRM — No publicly disclosed CFO [Official: iwcity.com.my, conf 80]","SMALL FIRM — No publicly disclosed CRO [Official: iwcity.com.my, conf 80]","SMALL FIRM — No publicly disclosed Head of Compliance [Official: iwcity.com.my, conf 80]","SMALL FIRM — No publicly disclosed CIO [Official: iwcity.com.my, conf 80]","SMALL FIRM — No publicly disclosed Head of Internal Audit [Official: iwcity.com.my, conf 80]"
,5,GLC-Linked,Johor Corporation (JCorp),"Not publicly disclosed on JCorp leadership page [Official: jcorp.com.my/our-leadership, conf 85]","Mohd Azmi Hitam (Chief Governance Officer) [Official: jcorp.com.my/our-leadership, 2026-07-13]","Rozaini Mohd Sani (Chief Financial Officer) [Official: jcorp.com.my/our-leadership, 2026-07-13]","Not publicly disclosed on JCorp leadership page [Official: jcorp.com.my/our-leadership, conf 85]","Mohd Azmi Hitam (Chief Governance Officer, leads Governance and Risk Division - GRD) [Official: jcorp.com.my/our-leadership + JCorp 2023 Integrated Report PDF, conf 80 - Chief Governance Officer functionally covers compliance; GRD is the functional umbrella for compliance]","Ahmad Yusri Mohamed (Chief Digital Officer) + Budiman Bujang (Deputy Chief Digital Officer, appointed Jan 2025) [Official: jcorp.com.my/our-leadership, 2026-07-13; ET CIO SEA: ciosea.economictimes.indiatimes.com/news/corporate/budiman-bujang-becomes-deputy-chief-digital-officer-at-johor-corporation/116869210, conf 85]","Mohd Nordin Jamaludin (Chief Corporate Services Officer) [Official: jcorp.com.my/our-leadership + JCorp 2023 Integrated Report PDF, conf 70 - Corporate Services typically encompasses audit, risk, and governance support; Board Audit and Risk Committee (BARC) provides board-level oversight]"
,5,GLC-Linked,KWSP Investment Division (Alternative Assets),"Jasmine Goh (Head of Department – Digital Security) [Official: kwsp.gov.my/corporate/about-us/organisation-structure, conf 98]","Nora Badaruddin (Head of Department – Integrity & Corporate Governance) [Official: kwsp.gov.my, conf 98]","Ahmad Rizal Omar (Chief Financial Officer) [Official: kwsp.gov.my, conf 98]","Rozlina Abdul Samad (Head of Department – Risk Management) [Official: kwsp.gov.my, conf 98]","Chong Yee Leng (Head of Department – Operations Compliance) [Official: kwsp.gov.my, conf 98]","Afhzal Abdul Rahman (Chief Digital Technology Officer) [Official: kwsp.gov.my, conf 98]","Mohammad Nasir Ismail (Head of Department – Internal Audit) [Official: kwsp.gov.my, conf 98]"
,5,GLC-Linked,KWSP Investment Division (Direct Investments),"Jasmine Goh (Head of Department – Digital Security) [Official: kwsp.gov.my/corporate/about-us/organisation-structure, conf 98]","Nora Badaruddin (Head of Department – Integrity & Corporate Governance) [Official: kwsp.gov.my, conf 98]","Ahmad Rizal Omar (Chief Financial Officer) [Official: kwsp.gov.my, conf 98]","Rozlina Abdul Samad (Head of Department – Risk Management) [Official: kwsp.gov.my, conf 98]","Chong Yee Leng (Head of Department – Operations Compliance) [Official: kwsp.gov.my, conf 98]","Afhzal Abdul Rahman (Chief Digital Technology Officer) [Official: kwsp.gov.my, conf 98]","Mohammad Nasir Ismail (Head of Department – Internal Audit) [Official: kwsp.gov.my, conf 98]"
,5,GLC-Linked,KWSP Investment Division (Real Estate),"Jasmine Goh (Head of Department – Digital Security) [Official: kwsp.gov.my/corporate/about-us/organisation-structure, conf 98]","Nora Badaruddin (Head of Department – Integrity & Corporate Governance) [Official: kwsp.gov.my, conf 98]","Ahmad Rizal Omar (Chief Financial Officer) [Official: kwsp.gov.my, conf 98]","Rozlina Abdul Samad (Head of Department – Risk Management) [Official: kwsp.gov.my, conf 98]","Chong Yee Leng (Head of Department – Operations Compliance) [Official: kwsp.gov.my, conf 98]","Afhzal Abdul Rahman (Chief Digital Technology Officer) [Official: kwsp.gov.my, conf 98]","Mohammad Nasir Ismail (Head of Department – Internal Audit) [Official: kwsp.gov.my, conf 98]"
,5,GLC-Linked,Khazanah Nasional Berhad,"Not publicly disclosed on Executive Management page [Official: khazanah.com.my/responsible-stewardship/leadership/executive-management, Jul 2026. 9 executives listed, no CISO role. conf 95]","Dato' Suhana Dewi Selamat (Head, Governance, Risk & Compliance) [Official: khazanah.com.my/Who-We-Are/Leadership, 2026-07-13]","Faridah Bakar Ali (Chief Financial Officer) [Official: khazanah.com.my/Who-We-Are/Leadership, 2026-07-13]","Dato' Suhana Dewi Selamat (Head, Governance, Risk & Compliance) [Official: khazanah.com.my, conf 95 - combined GRC+CRO+Compliance role]","Dato' Suhana Dewi Selamat (Head, Governance, Risk & Compliance) [Official: khazanah.com.my, conf 95 - combined role]","Dr Farid Mohamed Sani (Head, Digitalisation) [Official: khazanah.com.my/who-we-are/leadership, 2026-07-27 - closest CIO-equivalent; Datuk Hisham Hamdan is Chief Investment Officer (finance), not IT]","Not publicly disclosed on Executive Management page [Official: khazanah.com.my/responsible-stewardship/leadership/executive-management, Jul 2026. 9 executives listed, no Head of Internal Audit. conf 95]"
,5,GLC-Linked,Kumpulan Wang Simpanan Pekerja (KWSP),"Jasmine Goh (Head of Digital Security) [kwsp.gov.my via Wayback, MEDIUM-75]","Mohd Dali Jasmin (Head of Integrity & Corporate Governance) [kwsp.gov.my via Wayback, MEDIUM-75]","Mohamad Hafiz Kassim (Chief Finance Officer) [kwsp.gov.my via Wayback, MEDIUM-75]","Rozlina Abd Samad (Head of Risk Management) [kwsp.gov.my via Wayback, MEDIUM-75]","Chong Yee Leng (Head of Operational Compliance) [kwsp.gov.my via Wayback, MEDIUM-75]","Afhzal Abdul Rahman (Chief Digital Technology Officer) [kwsp.gov.my via Wayback, MEDIUM-75]","Mohammad Nasir Ismail (Head of Internal Audit) [kwsp.gov.my via Wayback, MEDIUM-75]"
,5,GLC-Linked,Lembaga Tabung Haji,"Shamsul Kamal Hussein Kamal (Chief Information Technology Officer, CISO-equivalent) [Official: tabunghaji.gov.my/peneraju-th, conf 75]",Syahril Nizam Abu Hasan (Chief Risk & Compliance Officer) + Mohd Hasraff Hashim (Head of Integrity & Governance) [Composite] [Official: tabunghaji.gov.my/peneraju-th],"Shamsul Bahar Shamsudin (Group Executive Director, Finance) [Official: tabunghaji.gov.my/peneraju-th]; Mustakim Mohamad (was Group Exec Dir Finance, now CEO since 6 May 2025) [News: bharian.com.my]",Syahril Nizam Abu Hasan (Chief Risk & Compliance Officer) [Official: tabunghaji.gov.my/peneraju-th],Syahril Nizam Abu Hasan (Chief Risk & Compliance Officer) [Official: tabunghaji.gov.my/peneraju-th],Shamsul Kamal Hussein Kamal (Chief Information Technology Officer) [Official: tabunghaji.gov.my/peneraju-th],Abu Bakar Baba (Group Chief Internal Auditor) [Official: tabunghaji.gov.my/peneraju-th]
,5,GLC-Linked,MARA (Majlis Amanah Rakyat),"Not publicly disclosed on MARA website [Official: mara.gov.my, conf 85]","Not publicly disclosed on MARA website [Official: mara.gov.my, conf 85]","Dr. Azmi bin Amat Murjan (Pengarah Kewangan / Director of Finance; also Deputy DG Investment) [Official: MARA org chart 11 Aug 2025, OCR-verified, conf 80]","Siti Aminah binti Haji Ismail (Pengarah Pengurusan Risiko dan Inspektorat / Director of Risk Management & Inspectorate) [Official: MARA org chart 11 Aug 2025, OCR-verified, conf 85]","Shuhaimi bin Man (Ketua Unit Integriti / Head of Integrity Unit — covers compliance, anti-corruption, governance) [Official: MARA org chart 11 Aug 2025, OCR-verified, conf 80]","Fatimah binti Mat Ghani (Pengarah Teknologi Maklumat / Director of IT) [Official: MARA org chart 11 Aug 2025, OCR-verified, conf 85]","Not publicly disclosed on MARA website [Official: mara.gov.my, conf 85]"
,5,GLC-Linked,Maybank (Khazanah-linked),"DUPLICATE OF MAYBANK BERHAD [Already at 7/7 in DB. This ""Khazanah-linked"" entry is the same entity (Khazanah holds ~11.5% of Maybank). Recommend removing row or marking as duplicate. Do NOT re-research.]",Mohamed Rezwan Abdullah Ismail (Group CRO) + Inn Yiow (Group CCO) [Group-level: Maybank] [DUPLICATE: Same as Maybank Berhad],Shafiq Abdul Jabbar [DUPLICATE: Same as Maybank Berhad],Mohamed Rezwan Abdullah Ismail [DUPLICATE: Same as Maybank Berhad],Inn Yiow (Group Chief Compliance Officer) [RocketReach/ZoomInfo] [DUPLICATE: Same as Maybank Berhad],Giorgio Migliarina (Group Chief Technology & Digital Officer) [DUPLICATE: Same as Maybank Berhad],Azian Ismail (Chief Audit Executive) [TheOrg] [DUPLICATE: Same as Maybank Berhad]
,5,GLC-Linked,PNB Capital Berhad,"Aishah Farha Mohd Raih (PNB Group CISO, inherited) [LinkedIn: my.linkedin.com/in/aishah-farha-mohd-raih-a22034b; conf 85]","Sahlawati Mustafa (Group Head, Compliance & Integrity) [pnb.com.my, HIGH-90] [INHERITED from PNB - product brand governance]","Mohd Irwan Ahmad Mustafa (Group Chief Strategy & Financial Officer) [pnb.com.my, HIGH-90] [INHERITED from PNB - product brand governance]","Mohd Azmir Mohd Jani (Chief Risk Officer) [pnb.com.my, HIGH-90] [INHERITED from PNB - product brand governance]","Sahlawati Mustafa (Group Head, Compliance & Integrity) [pnb.com.my, HIGH-90] [INHERITED from PNB - product brand governance]","Ts Izzat Aziz (Group Chief Technology Officer, PNB Group) [PNB Integrated Report 2024 / pnb.com.my/en/leadership-en, conf 90 - PNB Group CTO, won PIKOM CIO of the Year Award for AI Adoption] [INHERITED from PNB - product brand governance]","Noramly Bachok @ Abdul Aziz (Group Head, Internal Audit) [pnb.com.my, HIGH-90] [INHERITED from PNB - product brand governance]"
,5,GLC-Linked,PNB Equity Fund Berhad,"Aishah Farha Mohd Raih (PNB Group CISO, inherited) [LinkedIn: my.linkedin.com/in/aishah-farha-mohd-raih-a22034b; conf 85]","Sahlawati Mustafa (Group Head, Compliance & Integrity) [pnb.com.my, HIGH-90] [INHERITED from PNB - product brand governance]","Mohd Irwan Ahmad Mustafa (Group Chief Strategy & Financial Officer) [pnb.com.my, HIGH-90] [INHERITED from PNB - product brand governance]","Mohd Azmir Mohd Jani (Chief Risk Officer) [pnb.com.my, HIGH-90] [INHERITED from PNB - product brand governance]","Sahlawati Mustafa (Group Head, Compliance & Integrity) [pnb.com.my, HIGH-90] [INHERITED from PNB - product brand governance]","Ts Izzat Aziz (Group Chief Technology Officer, PNB Group) [PNB Integrated Report 2024 / pnb.com.my/en/leadership-en, conf 90 - PNB Group CTO, won PIKOM CIO of the Year Award for AI Adoption] [INHERITED from PNB - product brand governance]","Noramly Bachok @ Abdul Aziz (Group Head, Internal Audit) [pnb.com.my, HIGH-90] [INHERITED from PNB - product brand governance]"
,5,GLC-Linked,Penang State Development Corporation (PSDC),"SMALL FIRM — No publicly disclosed CISO [Official: psdc.com.my, conf 80]","SMALL FIRM — No publicly disclosed Head of GRC [Official: psdc.com.my, conf 80]","SMALL FIRM — No publicly disclosed CFO [Official: psdc.com.my, conf 80]","SMALL FIRM — No publicly disclosed CRO [Official: psdc.com.my, conf 80]","SMALL FIRM — No publicly disclosed Head of Compliance [Official: psdc.com.my, conf 80]","SMALL FIRM — No publicly disclosed CIO [Official: psdc.com.my, conf 80]","SMALL FIRM — No publicly disclosed Head of Internal Audit [Official: psdc.com.my, conf 80]"
,5,GLC-Linked,Permodalan BSN Berhad (PBSNB),"Not publicly disclosed on PBSNB website [Official: pbsn.com.my, conf 85]","Wong Ching Fai @ Christopher (Head of Risk and Compliance) [Official: pbsn.com.my/staff/wong-ching-fai-christopher/, conf 90 - same person as CRO and Compliance; combined Risk and Compliance title functionally covers GRC]","Suzylah Mohamed Noor (Head of Finance and HR Shared Services) [Official: pbsn.com.my/management-team/, conf 90]","Wong Ching Fai @ Christopher (Head of Risk and Compliance) [Official: pbsn.com.my/management-team/, conf 95]","Wong Ching Fai @ Christopher (Head of Risk and Compliance) [Official: pbsn.com.my/management-team/, conf 95]","Not publicly disclosed on PBSNB website [Official: pbsn.com.my, conf 85]","Not publicly disclosed on PBSNB website [Official: pbsn.com.my, conf 85]"
,5,GLC-Linked,Permodalan Nasional Berhad (PNB),"Aishah Farha Mohd Raih (CISO) [LinkedIn: my.linkedin.com/in/aishah-farha-mohd-raih-a22034b; speaker at GITEX AI ASIA, Bursa Malaysia panel; CISA+CFCP certified; PNB confirmed as current org, conf 90]","Sahlawati Mustafa (Group Head, Compliance & Integrity) [pnb.com.my, HIGH-90]","Mohd Irwan Ahmad Mustafa (Group Chief Strategy & Financial Officer) [pnb.com.my, HIGH-90]","Mohd Azmir Mohd Jani (Chief Risk Officer) [pnb.com.my, HIGH-90]","Sahlawati Mustafa (Group Head, Compliance & Integrity) [pnb.com.my, HIGH-90]","Ts Izzat Aziz (Group Chief Technology Officer, PNB Group) [PNB Integrated Report 2024 / pnb.com.my/en/leadership-en, conf 90 - PNB Group CTO, won PIKOM CIO of the Year Award for AI Adoption]","Noramly Bachok @ Abdul Aziz (Group Head, Internal Audit) [pnb.com.my, HIGH-90]"
,5,GLC-Linked,Permodalan Negeri Selangor Berhad (PNSB),"Not publicly disclosed on PNSB website [Official: pnsb.com.my, conf 85]","Mohammed Hanafi Bin Muhi (Senior Manager – Integrity, Audit & Governance) [Official: pnsb.com.my/info-korporat/, conf 90]","Ahmad Zamwawi Bin Ahmad Nazari (Senior General Manager – Finance) [Official: pnsb.com.my/info-korporat/, conf 95]","Mohammed Hanafi Bin Muhi (Senior Manager - Integriti, Audit & Governans) [Official: pnsb.com.my/info-korporat/, conf 80 - Integrity function in Malaysian GLCs typically subsumes enterprise risk; same person as Head of GRC and IA]","Mohammed Hanafi Bin Muhi (Senior Manager - Integriti, Audit & Governans) [Official: pnsb.com.my/info-korporat/, conf 75 - Integriti (Integrity) function in Malaysian GLCs typically includes compliance; same person as Head of GRC and CRO]","Not publicly disclosed on PNSB website [Official: pnsb.com.my, conf 85]","Mohammed Hanafi Bin Muhi (Senior Manager – Integrity, Audit & Governance) [Official: pnsb.com.my/info-korporat/, conf 95]"
,5,GLC-Linked,Sabah State Financial Corporation (SSFC),"SMALL FIRM — No publicly disclosed CISO [Official: ssfc.sabah.gov.my, conf 80]","SMALL FIRM — No publicly disclosed Head of GRC [Official: ssfc.sabah.gov.my, conf 80]","SMALL FIRM — No publicly disclosed CFO [Official: ssfc.sabah.gov.my, conf 80]","SMALL FIRM — No publicly disclosed CRO [Official: ssfc.sabah.gov.my, conf 80]","SMALL FIRM — No publicly disclosed Head of Compliance [Official: ssfc.sabah.gov.my, conf 80]","SMALL FIRM — No publicly disclosed CIO [Official: ssfc.sabah.gov.my, conf 80]","SMALL FIRM — No publicly disclosed Head of Internal Audit [Official: ssfc.sabah.gov.my, conf 80]"
,5,GLC-Linked,Sarawak State Financial Corporation (SSFC),"Not publicly disclosed on SEDC management team page. SEDC has 13 management team members; no dedicated CISO role. IT security likely under Group Digital & Technology (Tuan Haji Nor Azlan Husaini, Acting Head). [Official: sedc.com.my/management-team/, conf 95]","Cik Khartini Johari (Head, Group Integrity and Risk Management) [Official: sedc.com.my/management-team/, conf 95]","Encik Leo Lanaiwong (Group Chief Financial Officer) [Official: sedc.com.my/leadership-team/, conf 95]","Cik Khartini Johari (Head, Group Integrity and Risk Management) [Official: sedc.com.my/management-team/, conf 95]","Jason Minos (Head, Legal and Compliance / Chief Integrity and Governance Officer) [Official: dbos.gov.my/the-bank/our-leaders, conf 90 - Entity maps to Development Bank of Sarawak Berhad (DBOS), wholly Sarawak-owned DFI]","Tuan Haji Nor Azlan Husaini (Acting Head, Group Digital & Technology) [Official: sedc.com.my/management-team/, conf 95]","Encik Yap Yien Chiang (Head, Group Internal Audit) [Official: sedc.com.my/management-team/, conf 95]"
,5,GLC-Linked,Syarikat Jaminan Pembiayaan Perniagaan (SJPP),"Not publicly disclosed on SJPP website [Official: sjpp.com.my, conf 80]","Juanita Rusmini binti Abdul Jalil (Acting Principal Officer) [sjpp.com.my, HIGH-80]","Not publicly disclosed on SJPP website [Official: sjpp.com.my, conf 80]","Not publicly disclosed on SJPP website [Official: sjpp.com.my, conf 80]","Not publicly disclosed on SJPP website [Official: sjpp.com.my, conf 80]","Not publicly disclosed on SJPP website [Official: sjpp.com.my, conf 80]","Not publicly disclosed on SJPP website [Official: sjpp.com.my, conf 80]"
,6,Fintech Registered,CompareHero (by Jirnexu),"SHARES PARENT — Cybersecurity managed at Jirnexu group level [Source: theorg.com/org/jirnexu, conf 70]","SHARES PARENT — GRC managed at Jirnexu group level [Source: theorg.com/org/jirnexu, conf 70]",Khoon Eong Lim (Chief Financial Officer) — theorg.com/org/jirnexu/teams/leadership-team,"SHARES PARENT — No dedicated CRO; managed at Jirnexu group level [Source: theorg.com/org/jirnexu, conf 70]","SHARES PARENT — No dedicated Compliance Head; managed at Jirnexu group level [Source: theorg.com/org/jirnexu, conf 70]","SHARES PARENT — IT managed at Jirnexu group level (Jacky Yong, Head of Engineering) [Source: theorg.com/org/jirnexu, conf 70]","SHARES PARENT — IA managed at Jirnexu group level [Source: theorg.com/org/jirnexu, conf 70]"
,6,Fintech Registered,Curlec Sdn Bhd,SHARES PARENT — Curlec acquired by Razorpay (2022); cybersecurity managed at Razorpay group level [conf 80],SHARES PARENT — GRC managed at Razorpay group level [conf 80],SHARES PARENT — No dedicated CFO for Malaysia; managed at Razorpay group level [conf 80],SHARES PARENT — No dedicated CRO for Malaysia; managed at Razorpay group level [conf 80],SHARES PARENT — No dedicated Compliance Head; managed at Razorpay group level [conf 80],SHARES PARENT — IT managed at Razorpay group level [conf 80],SHARES PARENT — IA managed at Razorpay group level [conf 80]
,6,Fintech Registered,FavePay Malaysia Sdn Bhd,SHARES PARENT — FavePay owned by Fave (acquired by Pine Labs 2021); cybersecurity managed at Pine Labs group level [conf 80],SHARES PARENT — GRC managed at Pine Labs group level [conf 80],SHARES PARENT — No dedicated CFO for Malaysia; managed at Pine Labs group level [conf 80],SHARES PARENT — No dedicated CRO; managed at Pine Labs group level [conf 80],SHARES PARENT — No dedicated Compliance Head; managed at Pine Labs group level [conf 80],Arzumy MD (Chief Technology Officer) — my.linkedin.com/in/arzumy,SHARES PARENT — IA managed at Pine Labs group level [conf 80]
,6,Fintech Registered,RinggitPlus (by Jirnexu),"SHARES PARENT — Cybersecurity managed at Jirnexu group level [Source: theorg.com/org/jirnexu, conf 70]","SHARES PARENT — GRC managed at Jirnexu group level [Source: theorg.com/org/jirnexu, conf 70]",Khoon Eong Lim (Chief Financial Officer) — shared parent Jirnexu — theorg.com/org/jirnexu/teams/leadership-team,"SHARES PARENT — No dedicated CRO; managed at Jirnexu group level [Source: theorg.com/org/jirnexu, conf 70]","SHARES PARENT — No dedicated Compliance Head; managed at Jirnexu group level [Source: theorg.com/org/jirnexu, conf 70]","SHARES PARENT — IT managed at Jirnexu group level (Jacky Yong, Head of Engineering) [Source: theorg.com/org/jirnexu, conf 70]","SHARES PARENT — IA managed at Jirnexu group level [Source: theorg.com/org/jirnexu, conf 70]"
,6,Fintech Registered,Stripe Payments Malaysia Sdn Bhd,"SHARES PARENT — Cybersecurity managed at Stripe Inc global level [Official: stripe.com, conf 85]","SHARES PARENT — GRC managed at Stripe Inc global level [Official: stripe.com, conf 85]","SHARES PARENT — No dedicated CFO for Malaysia; managed at Stripe Inc global level [Official: stripe.com, conf 85]","SHARES PARENT — No dedicated CRO for Malaysia; managed at Stripe Inc global level [Official: stripe.com, conf 85]","SHARES PARENT — No dedicated Compliance Head for Malaysia; managed at Stripe Inc global level [Official: stripe.com, conf 85]","SHARES PARENT — IT managed at Stripe Inc global level [Official: stripe.com, conf 85]","SHARES PARENT — IA managed at Stripe Inc global level [Official: stripe.com, conf 85]"
,6,Fintech Registered,iPay88 (M) Sdn Bhd,"Alex Wah|Head of IT Cum CISO|70|https://rocketreach.co/ipay88-management_b5e52ecdf42e67ac|iPay88 CISO (RocketReach source - MEDIUM confidence) [Parent: NTT DATA Payment Services (formerly GHL Systems Berhad), acquired by NTT DATA Japan]",SHARES PARENT — GRC managed at NTT DATA Payment Services group level (parent company) [conf 80],SHARES PARENT — No dedicated CFO for Malaysia; managed at NTT DATA Payment Services group level [conf 80],"Khushwant Singh (Group Chief Risk & Credit Officer, NTT DATA Payment Services - parent co formerly GHL Systems) [Source: LinkedIn linkedin.com/company/nttdataps/, conf 85 - confirmed via CRO Summit 2026 panel & eKYC webinar]",SHARES PARENT — No dedicated Compliance Head; managed at NTT DATA group level [conf 80],SHARES PARENT — IT managed at NTT DATA Payment Services group level [conf 80],SHARES PARENT — IA managed at NTT DATA Payment Services group level [conf 80]
,6,Fintech Sandbox,AEON Bank (M) Berhad,"Irfan Amer bin Mohd Ismail (confirmed full name)|Chief Information Security Officer|85|AEON Bank LinkedIn post (CSO30 ASEAN Awards 2024) + Malaysia Cyber Security Awards 2025 (Cybersecurity Professional of the Year)|AEON Bank CISO recognized at CSO30 ASEAN Awards 2024 and Cybersecurity Professional of the Year at Malaysia Cyber Security Awards 2025. Full surname not publicly confirmed (displayed as 'Irfan Amer bin Mohd Ismail (confirmed full name)' on award listings). [LinkedIn AEON Bank official posts + CSO30 awards, conf 85]",Kirenjeet Kaur|Chief Risk and Compliance Officer (GRAC)|80|https://www.aseanriskawards.com/kirenjeet-kaur-fateh-singh/|Leads four critical second-line functions incl. governance. Developed GRAC (Governance Risk Audit & Compliance) platform [ASEAN Risk Awards 2026],"Husna Abdul Hamid|Chief Financial Officer|90|https://my.linkedin.com/in/husna-abdul-hamid-90395aa2|Confirmed CFO at AEON Bank via LinkedIn profile (W.P. Kuala Lumpur), TheOfficialBoard listing, and AeroLeads. [LinkedIn + TheOfficialBoard + AeroLeads, conf 90]",Kirenjeet Kaur|Chief Risk and Compliance Officer|90|https://asiasamachar.com/2024/01/24/kirenjeet-kaur-navigates-risk-and-compliance-at-aeon-bank/|Chief Risk and Compliance Officer at AEON Bank (M) Berhad. Joined Feb 2023. Oversees market/liquidity/capital/credit/operational/technology risk + compliance + financial crime [AsiaSamachar Jan 2024 + ASEAN Risk Awards 2026],Kirenjeet Kaur|Chief Risk and Compliance Officer|90|https://asiasamachar.com/2024/01/24/kirenjeet-kaur-navigates-risk-and-compliance-at-aeon-bank/|Combined CRO+Compliance role at AEON Bank [AsiaSamachar + ASEAN Risk Awards],"Yew Jin Kang|Chief Technology Officer|85|https://fintechnews.my/56290/digital-banking-news-malaysia/aeon-bank-new-cto/|AEON Bank appointed Yew Jin Kang as CTO (Fintech News Malaysia article). Previously CTO at PLUS Malaysia. CTO function covers CIO/technology leadership at this digital bank. [Fintech News Malaysia + LinkedIn, conf 85]","Phang Chee Chong|Head of Internal Audit Division, AEON Credit Service (M) Berhad (shared service)|85|https://aeoncredit.com.my/wp-content/uploads/AEON-Credit-Corporate-Governance-Report-2026-2.pdf|Confirmed in AEON Credit CG Report 2026 Practice 11.2 — Head of Internal Audit Division [Official corporate governance report, conf 85]"
,6,Fintech Sandbox,AEON Bank Berhad,"SHARES PARENT — Cybersecurity managed at AEON Credit/AEON Bank group level [Official: aeonbank.com.my, conf 80]",Kirenjeet Kaur,"SHARES PARENT — No dedicated CFO publicly listed; managed at AEON group level [Official: aeonbank.com.my, conf 80]",Kirenjeet Kaur,Kirenjeet Kaur,"SHARES PARENT — IT managed at AEON group level (Lee Tyan Jen, Executive Director & Deputy CEO oversees IT) [Official: aeoncredit.com.my, conf 80]","SHARES PARENT — IA managed at AEON group level [Official: aeonbank.com.my, conf 80]"
,6,Fintech Sandbox,Boost Bank Berhad,"Shankar Krishnan|Chief Technology Officer / CISO|85|https://my.linkedin.com/in/shankyk|Boost Bank CTO who also holds CISO role [LinkedIn profile confirms ""CTO | CISO"" title; official leadership page myboostbank.co confirms CTO position — CISO function combined with CTO role at digital bank]","Abid Abdul Adam (Group Chief Risk and Compliance Officer, Axiata Group) [Official: axiata.com/about-us/our-people, conf 85 - GRC inherited from Axiata Group parent] [INHERITED from Axiata Digital Services - parent]",Steven Lim|Chief Financial Officer|95|https://myboostbank.co/our-leadership-boost-bank|Boost Bank CFO,Puteri Syurga|Chief Risk Officer|95|https://myboostbank.co/our-leadership-boost-bank|Boost Bank CRO,Dr Mohanamerry Vedamanikam|Chief Compliance Officer|95|https://myboostbank.co/our-leadership-boost-bank|Boost Bank Chief Compliance Officer,Shankar Krishnan|Chief Technology Officer|95|https://myboostbank.co/our-leadership-boost-bank|Boost Bank CTO (maps to CIO/CTO role),Miraz Ahmed|Head of Internal Audit|80|https://my.linkedin.com/in/miraz-ahmed-76b20219|Head of Internal Audit at Boost Holding Sdn Bhd [LinkedIn confirmed. ~20 years telco/tower infrastructure audit experience in Bangladesh & Malaysia]
,6,Fintech Sandbox,GX Bank Berhad,"Not publicly disclosed on GX Bank leadership page [Official: gxbank.my/our-leadership, conf 85]",Kiyoka Thaam (CRO) + Nadia Farhan Noordin (Head of Compliance) [Official: gxbank.my],Kenneth Leong (Chief Financial Officer) [Official: gxbank.my/our-leadership],Kiyoka Thaam (Chief Risk Officer) [Official: gxbank.my/our-leadership],Nadia Farhan Noordin (Head of Compliance) [Official: gxbank.my/our-leadership],Nishant Sharma (Chief Technology Officer) [Official: gxbank.my/our-leadership],Karina Sivam (Head of Internal Audit) [Official: gxbank.my/our-leadership]
,6,Fintech Sandbox,Jirnexu (M) Sdn Bhd,"SMALL FIRM — No dedicated CISO; cybersecurity managed within engineering team [Source: theorg.com/org/jirnexu, conf 70]","SMALL FIRM — No dedicated Head of GRC [Source: theorg.com/org/jirnexu, conf 70]","Khoon Eong Lim (Chief Financial Officer) [Source: theorg.com/org/jirnexu, conf 70 - org chart lists CFO role]","SMALL FIRM — No dedicated CRO [Source: theorg.com/org/jirnexu, conf 70]","SMALL FIRM — No dedicated Head of Compliance [Source: theorg.com/org/jirnexu, conf 70]","Jacky Yong (Head of Engineering, CIO-equivalent) [Source: theorg.com/org/jirnexu, conf 65 - no dedicated CIO at 51-200 person fintech]","SMALL FIRM — No dedicated Head of Internal Audit [Source: theorg.com/org/jirnexu, conf 70]"
,6,Fintech Sandbox,KAF Digital Bank,"SMALL FIRM — No publicly disclosed CISO [Official: kafdigitalbank.com, conf 75]","SMALL FIRM — No publicly disclosed Head of GRC [Official: kafdigitalbank.com, conf 75]","Mohd Nizaruddin|Financial Controller (CFO equivalent)|75|https://my.linkedin.com/in/mohd-nizaruddin-mba-fcca-micpa-ca-m-9515a040|Financial Controller at KAF Digital Bank. Responsible for entire finance function, financial reporting, budgeting, forecasting, 5-year planning, regulatory reporting to BNM. MBA, FCCA, MICPA, CA (M) [LinkedIn confirmed]","SMALL FIRM — No publicly disclosed CRO [Official: kafdigitalbank.com, conf 75]","SMALL FIRM — No publicly disclosed Head of Compliance [Official: kafdigitalbank.com, conf 75]","SMALL FIRM — No publicly disclosed CIO [Official: kafdigitalbank.com, conf 75]","SMALL FIRM — No publicly disclosed Head of Internal Audit [Official: kafdigitalbank.com, conf 75]"
,6,Fintech Sandbox,KDI Save Sdn Bhd,SMALL FIRM — No publicly disclosed CISO [conf 75],SMALL FIRM — No publicly disclosed Head of GRC [conf 75],SMALL FIRM — No publicly disclosed CFO [conf 75],SMALL FIRM — No publicly disclosed CRO [conf 75],SMALL FIRM — No publicly disclosed Head of Compliance [conf 75],SMALL FIRM — No publicly disclosed CIO [conf 75],SMALL FIRM — No publicly disclosed Head of Internal Audit [conf 75]
,6,Fintech Sandbox,Ryt Bank Berhad,"Not publicly disclosed on Ryt Bank about page [Official: rytbank.my/about-us, conf 85]","Not publicly disclosed on Ryt Bank about page [Official: rytbank.my/about-us, conf 85]",Wilson Soon|Chief Financial Officer (Acting CEO)|95|https://www.rytbank.my/about-us/|Ryt Bank CFO; acting CEO after Melvin Ooi departure,Yeoh Xin Yi|Chief Risk Officer|95|https://www.rytbank.my/about-us/|Ryt Bank CRO,Muhammad Nasir Bin Hassan|Chief Compliance Officer|95|https://www.rytbank.my/about-us/|Ryt Bank Chief Compliance Officer,Nic Ngoo|Chief Technology Officer|95|https://www.rytbank.my/about-us/|Ryt Bank CTO (maps to CIO/CTO role),"Not publicly disclosed on Ryt Bank about page [Official: rytbank.my/about-us, conf 85]"
,6,Fintech Sandbox,Ryt Bank Berhad (YTL Digital),"Not publicly disclosed on Ryt Bank about page [Official: rytbank.my/about-us, conf 85]","Not publicly disclosed on Ryt Bank about page [Official: rytbank.my/about-us, conf 85]",Wilson Soon,Yeoh Xin Yi,Muhammad Nasir Bin Hassan,Nic Ngoo,"Not publicly disclosed on Ryt Bank about page [Official: rytbank.my/about-us, conf 85]"
,6,Fintech Sandbox,SeaBank Malaysia Berhad,"SHARES PARENT — Cybersecurity managed at Sea Limited group level [Official: sea.com, conf 80]","SHARES PARENT — GRC managed at Sea Limited group level [Official: sea.com, conf 80]","SHARES PARENT — No dedicated CFO for Malaysia; managed at Sea Limited group level [Official: sea.com, conf 80]","SHARES PARENT — No dedicated CRO for Malaysia; managed at Sea Limited group level [Official: sea.com, conf 80]","SHARES PARENT — No dedicated Compliance Head for Malaysia; managed at Sea Limited group level [Official: sea.com, conf 80]","SHARES PARENT — IT managed at Sea Limited group level [Official: sea.com, conf 80]","SHARES PARENT — IA managed at Sea Limited group level [Official: sea.com, conf 80]"
,6,Fintech Sandbox,Soft Space Sdn Bhd,"SMALL FIRM — No dedicated CISO publicly listed [Official: softspace.com.my, conf 80]","SMALL FIRM — No dedicated Head of GRC [Official: softspace.com.my, conf 80]",Rick Leong|Financial Controller (Acting CFO)|85|https://www.softspace.com.my/2025/06/06/soft-space-cfo-transition/|Soft Space CFO transition announcement (Jun 2025) - Rick Leong appointed as Financial Controller acting as CFO following Serene Teh Wan Lee transition,"SMALL FIRM — No dedicated CRO [Official: softspace.com.my, conf 80]","SMALL FIRM — No dedicated Head of Compliance [Official: softspace.com.my, conf 80]","Nicholas Lim|Chief Technology Officer|65|https://theorg.com/org/soft-space|TheOrg org chart lists Nicholas Lim as CTO at Soft Space (KL HQ, 51-200 employees, softspace.com.my). Cross-ref: RocketReach also lists Nicholas Lim as CTO. [conf 65]","SMALL FIRM — No dedicated Head of Internal Audit [Official: softspace.com.my, conf 80]"
